word_raw,word_clean,start,end,TR,segment_idx_0,segment_idx_1,segment_idx_2,segment_idx_3,segment_idx_4,segment_idx_5
I,i,15.089999,15.169999,11,0,0,0,0,0,0
began,began,15.17,15.51,11,0,0,0,0,0,0
my,my,15.509999,15.699999,11,0,0,0,0,0,0
illustrious,<unk>,15.71,16.310000000000002,11,0,0,0,0,0,0
career,career,16.33,16.939999999999998,11,0,0,0,0,0,0
in,in,17.08,17.209999999999997,12,0,0,0,0,0,0
journalism,journalism,17.209999,17.929999,12,0,0,0,0,0,0
in,in,18.469999,18.589999,13,0,0,0,0,0,0
the,the,18.59,18.68,13,0,0,0,0,0,0
Bronx,bronx,18.68,19.24,13,0,0,0,0,0,0
where,where,19.24,19.39,13,0,0,0,0,0,0
I,i,19.39,19.5,13,0,0,0,0,0,0
toiled,<unk>,19.5,20.09,14,0,0,0,0,0,0
as,as,20.36,20.49,14,0,0,0,0,0,0
a,a,20.49,20.540000000000003,14,0,0,0,0,0,0
hard,hard,20.54,20.89,14,0,0,0,0,0,0
boiled,boiled,20.89,21.14,14,0,0,0,0,0,0
reporter,reporter,21.14,21.91,15,0,0,0,0,0,0
for,for,22.09,22.24,15,0,0,0,0,0,0
the,the,22.24,22.360000000000003,15,0,0,0,0,0,0
Ram,ram,22.36,22.77,15,0,0,0,0,0,0
the,the,23.93,24.1,16,0,0,0,0,0,0
student,student,24.1,24.62,17,0,0,0,0,0,0
newspaper,newspaper,24.63,25.27,17,0,0,0,0,0,0
at,at,25.27,25.39,17,0,0,0,0,0,0
Fordham,fordham,25.39,25.69,17,0,0,0,0,0,0
University,university,25.69,26.41,18,0,0,0,0,0,0
And,and,27.07,27.2,19,1,1,1,1,1,1
one,one,27.2,27.33,19,1,1,1,1,1,1
day,day,27.33,27.49,19,1,1,1,1,1,1
I’m,i'm,27.49,27.590000000000003,19,1,1,1,1,1,1
walking,walking,27.59,27.87,19,1,1,1,1,1,1
toward,toward,27.87,28.05,19,1,1,1,1,1,1
the,the,28.05,28.12,19,1,1,1,1,1,1
campus,campus,28.12,28.43,19,1,1,1,1,1,1
center,center,28.429999,28.769999,19,1,1,1,1,1,1
and,and,28.96,29.130000000000003,20,1,1,1,1,1,1
out,out,29.139999,29.329999,20,1,1,1,1,1,1
comes,comes,29.33,29.55,20,1,1,1,1,1,1
the,the,29.58,29.69,20,1,1,1,1,1,1
elusive,elusive,29.69,30.38,20,1,1,1,1,1,1
Dean,dean,30.61,31.0,21,1,1,1,1,1,1
McGowan,<unk>,31.0,31.66,21,1,1,1,1,1,1
architect,architect,32.299999,32.819999,22,1,1,1,1,1,1
of,of,32.82,32.910000000000004,22,1,1,1,1,1,1
a,a,32.91,33.0,22,1,1,1,1,1,1
policy,policy,33.009999,33.769999,23,1,1,1,1,1,1
to,to,34.07,34.21,23,1,1,1,1,1,1
replace,replace,34.209999,34.729999,23,1,1,1,1,1,1
Fordham’s,<unk>,34.730000000000004,35.190000000000005,24,1,1,1,1,1,1
traditionally,traditionally,35.199999,36.009999,24,1,1,1,1,1,1
working,working,36.41,37.04,25,1,1,1,1,1,1
to,to,37.09,37.150000000000006,25,1,1,1,1,1,1
middle,middle,37.16,37.36,25,1,1,1,1,1,1
class,class,37.369999,37.669999,25,1,1,1,1,1,1
students,students,37.67,38.28,26,1,1,1,1,1,1
with,with,38.74,39.120000000000005,26,1,1,1,1,1,1
wealthier,wealthier,39.23,39.85,27,1,1,1,1,1,1
more,more,39.85,40.04,27,1,1,1,1,1,1
prestigious,prestigious,40.04,40.68,27,1,1,1,1,1,1
ones,ones,40.68,41.26,28,1,1,1,1,1,1
So,so,42.21,42.38,29,1,1,1,1,1,1
I,i,42.38,42.46,29,1,1,1,1,1,1
whip,whip,42.46,42.65,29,1,1,1,1,1,1
out,out,42.65,42.76,29,1,1,1,1,1,1
my,my,42.76,42.88,29,1,1,1,1,1,1
notebook,notebook,42.88,43.2,29,1,1,1,1,1,1
and,and,43.2,43.3,29,1,1,1,1,1,1
I,i,43.3,43.37,29,1,1,1,1,1,1
go,go,43.37,43.5,29,1,1,1,1,1,1
up,up,43.5,43.61,30,1,1,1,1,1,1
to,to,43.61,43.72,30,1,1,1,1,1,1
him,him,43.72,43.82,30,1,1,1,1,1,1
and,and,43.82,43.93,30,1,1,1,1,1,1
I,i,43.93,44.01,30,1,1,1,1,1,1
say,say,44.01,44.18,30,1,1,1,1,1,1
Dean,dean,44.179999,44.539999,30,1,1,1,1,1,1
McGowan,<unk>,44.54,44.97,30,1,1,1,1,1,1
is,is,45.42,45.57,31,1,1,1,1,1,1
it,it,45.57,45.7,31,1,1,1,1,1,1
true,true,45.719999,46.099999,31,1,1,1,1,1,1
that,that,46.099999,46.249999,31,1,1,1,1,1,1
Fordham,fordham,46.25,46.52,31,1,1,1,1,1,1
University,university,46.52,47.02,32,1,1,1,1,1,1
plans,plans,47.02,47.29,32,1,1,1,1,1,1
to,to,47.29,47.41,32,1,1,1,1,1,1
raise,raise,47.41,47.72,32,1,1,1,1,1,1
tuition,tuition,47.719999,48.129999,32,1,1,1,1,1,1
substantially,substantially,48.13,48.86,33,1,1,1,1,1,1
above,above,48.86,49.06,33,1,1,1,1,1,1
the,the,49.07,49.17,33,1,1,1,1,1,1
inflation,inflation,49.17,49.67,33,1,1,1,1,1,1
rate,rate,49.67,49.9,34,1,1,1,1,1,1
and,and,50.059999,50.199999,34,1,1,1,1,1,1
if,if,50.2,50.34,34,1,1,1,1,1,1
so,so,50.34,50.92,34,1,1,1,1,1,1
wouldn’t,wouldn't,51.16,51.41,35,1,1,1,1,1,1
that,that,51.41,51.54,35,1,1,1,1,1,1
be,be,51.54,51.64,35,1,1,1,1,1,1
a,a,51.639999,51.689999,35,1,1,1,1,1,1
betrayal,betrayal,51.69,52.23,35,1,1,1,1,1,1
of,of,52.23,52.31,35,1,1,1,1,1,1
its,its,52.309999000000005,52.449999000000005,35,1,1,1,1,1,1
mission,mission,52.459999,52.979999,35,1,1,1,1,1,1
And,and,54.719999,54.839999,37,2,2,2,2,2,2
he,he,54.84,54.95,37,2,2,2,2,2,2
stops,stops,54.95,55.510000000000005,37,2,2,2,2,2,2
and,and,55.52,55.63,38,2,2,2,2,2,2
looks,looks,55.63,55.8,38,2,2,2,2,2,2
at,at,55.8,55.92,38,2,2,2,2,2,2
me,me,55.92,56.56,38,2,2,2,2,2,2
and,and,57.1,57.22,39,2,2,2,2,2,2
he,he,57.22,57.32,39,2,2,2,2,2,2
says,says,57.32,57.9,39,2,2,2,2,2,2
Listen,listen,58.66,58.91,40,2,2,2,2,2,2
up,up,58.91,59.05,40,2,2,2,2,2,2
punk,punk,59.06,59.6,40,2,2,2,2,2,2
And,and,59.82,60.0,40,2,3,2,2,2,2
right,right,60.0,60.26,41,2,3,2,2,2,2
then,then,60.26,60.54,41,2,3,2,2,2,2
there’s,there's,60.55,60.78,41,2,3,2,2,2,2
a,a,60.78,60.88,41,2,3,2,2,2,2
blur,blur,60.9,61.58,41,2,3,2,2,2,2
in,in,61.82,61.93,42,2,3,2,2,2,2
the,the,61.93,62.03,42,2,3,2,2,2,2
corner,corner,62.03,62.26,42,2,3,2,2,2,2
of,of,62.26,62.33,42,2,3,2,2,2,2
my,my,62.33,62.5,42,2,3,2,2,2,2
eye,eye,62.5,62.63,42,2,3,2,2,2,2
which,which,62.63,62.8,42,2,3,2,2,2,2
becomes,becomes,62.8,63.23,42,2,3,2,2,2,2
this,this,63.24,63.52,43,2,3,2,2,2,2
figure,figure,63.53,64.29,43,2,3,2,2,2,2
holding,holding,64.559999,64.98999900000001,44,2,3,2,2,2,2
a,a,64.99,65.03999999999999,44,2,3,2,2,2,2
cream,cream,65.03999999999999,65.35999999999999,44,2,3,2,2,2,2
pie,pie,65.36,65.69,44,2,3,2,2,2,2
which,which,65.7,65.9,44,2,3,2,2,2,2
becomes,becomes,65.91,66.28,44,2,3,2,2,2,2
the,the,66.309999,66.42999900000001,45,2,3,2,2,2,2
guy,guy,66.429999,67.079999,45,2,3,2,2,2,2
standing,standing,67.299999,67.879999,45,2,3,2,2,2,2
next,next,67.88,68.14,46,2,3,2,2,2,2
to,to,68.15,68.27000000000001,46,2,3,2,2,2,2
me,me,68.27,68.64,46,2,3,2,2,2,2
mashing,<unk>,69.03999999999999,69.66,47,2,3,2,2,2,2
a,a,69.67,69.74,47,2,3,2,2,2,2
cream,cream,69.74,70.11,47,2,3,2,2,2,2
pie,pie,70.109999,70.529999,47,2,3,2,2,2,2
into,into,70.559999,70.75999900000001,48,2,3,2,2,2,2
Dean,dean,70.76,71.03,48,2,3,2,2,2,2
McGowan’s,<unk>,71.029999,71.469999,48,2,3,2,2,2,2
face,face,71.48,72.14,48,2,3,2,2,2,2
And,and,73.6,73.76,50,2,3,2,2,2,2
then,then,73.93,74.28,50,2,3,2,2,2,2
runs,runs,74.28,74.5,50,2,3,2,2,2,2
away,away,74.5,74.91,50,2,3,2,2,2,2
And,and,77.48,77.66000000000001,52,2,3,2,2,2,2
the,the,77.66,77.74,52,2,4,2,2,2,2
Dean,dean,77.74,78.08,52,2,4,2,2,2,2
is,is,78.86,79.2,53,2,4,2,2,2,2
covered,covered,79.2,79.53,53,2,4,2,2,2,2
with,with,79.53,79.68,54,2,4,2,2,2,2
cream,cream,79.68,80.09,54,2,4,2,2,2,2
So,so,82.3,82.49,55,2,4,2,2,2,2
I,i,82.49,82.55999999999999,55,3,4,3,3,3,3
give,give,82.559999,82.70999900000001,56,3,4,3,3,3,3
him,him,82.71000000000001,82.81,56,3,4,3,3,3,3
a,a,82.809999,82.869999,56,3,4,3,3,3,3
moment,moment,82.87,83.42,56,3,4,3,3,3,3
and,and,85.63,85.72999999999999,58,3,4,3,3,3,3
then,then,85.73,85.8,58,3,4,3,3,3,3
I,i,85.799999,85.859999,58,3,4,3,3,3,3
say,say,85.86,86.01,58,3,4,3,3,3,3
Dean,dean,86.009999,86.269999,58,3,4,3,3,3,3
McGowan,<unk>,86.27,86.7,58,3,4,3,3,3,3
would,would,86.85000000000001,86.88000000000001,58,3,4,3,3,3,3
you,you,86.88000000000001,86.92,58,3,4,3,3,3,3
care,care,86.92,87.11,58,3,4,3,3,3,3
to,to,87.11,87.2,59,3,4,3,3,3,3
comment,comment,87.2,87.47,59,3,4,3,3,3,3
on,on,87.7,87.79,59,3,4,3,3,3,3
this,this,87.78999999999999,87.94999999999999,59,3,4,3,3,3,3
latest,latest,87.95,88.24000000000001,59,3,4,3,3,3,3
attack,attack,88.24,88.61,59,3,4,3,3,3,3
And,and,88.61,88.64,60,3,4,3,3,3,3
the,the,91.98,92.04,62,3,4,3,3,3,3
Dean,dean,92.04,92.25,62,3,4,3,3,3,3
says,says,92.25,92.48,62,3,4,3,3,3,3
Yes,yes,92.48,93.16,62,3,4,3,3,3,3
I,i,93.57,93.66,63,3,4,3,3,3,3
would,would,93.66,93.8,63,3,4,3,3,3,3
care,care,93.8,93.96,63,3,4,3,3,3,3
to,to,93.96,94.05,63,3,4,3,3,3,3
comment,comment,94.05,94.53,63,3,4,3,3,3,3
Fuck,fuck,95.15,95.68,64,3,4,3,3,3,3
you,you,95.73,96.13,64,3,4,3,3,3,3
So,so,98.13,98.38,66,3,4,3,3,3,3
I,i,98.38,98.48,66,4,5,4,4,4,4
race,race,98.48,98.77,66,4,5,4,4,4,4
back,back,98.77,98.94,66,4,5,4,4,4,4
to,to,98.94,99.04,66,4,5,4,4,4,4
the,the,99.04,99.14,67,4,5,4,4,4,4
newsroom,newsroom,99.139999,99.569999,67,4,5,4,4,4,4
with,with,99.57,99.74,67,4,5,4,4,4,4
my,my,99.74,99.89,67,4,5,4,4,4,4
scoop,scoop,99.9,100.47,67,4,5,4,4,4,4
and,and,101.32,101.45,68,4,5,4,4,4,4
I,i,101.45,101.52,68,4,5,4,4,4,4
find,find,101.52,101.72,68,4,5,4,4,4,4
the,the,101.719999,101.839999,68,4,5,4,4,4,4
editor,editor,101.84,102.33,68,4,5,4,4,4,4
Jim,jim,102.55,102.82,69,4,5,4,4,4,4
Dwyer,<unk>,102.82,103.15,69,4,5,4,4,4,4
who’s,who's,103.16,103.32,69,4,5,4,4,4,4
a,a,103.32,103.4,69,4,5,4,4,4,4
senior,senior,103.4,103.93,69,4,5,4,4,4,4
and,and,104.45,104.65,70,4,5,4,4,4,4
he,he,104.65,104.77,70,4,5,4,4,4,4
will,will,104.77,104.91,70,4,5,4,4,4,4
go,go,104.91,105.06,70,4,5,4,4,4,4
on,on,105.059999,105.239999,71,4,5,4,4,4,4
to,to,105.24,105.36,71,4,5,4,4,4,4
win,win,105.36,105.48,71,4,5,4,4,4,4
a,a,105.48,105.53,71,4,5,4,4,4,4
Pulitzer,pulitzer,105.53,105.82,71,4,5,4,4,4,4
Prize,prize,105.82,106.24,71,4,5,4,4,4,4
that,that,106.25,106.44,71,4,5,4,4,4,4
is,is,106.440001,106.590001,71,4,5,4,4,4,4
true,true,106.59,106.93,72,4,5,4,4,4,4
and,and,108.119999,108.249999,73,4,5,4,4,4,4
he’s,he's,108.25,108.36,73,4,5,4,4,4,4
a,a,108.359999,108.429999,73,4,5,4,4,4,4
big,big,108.46,108.76,73,4,5,4,4,4,4
guy,guy,108.77,109.18,73,4,5,4,4,4,4
I,i,109.21,109.33,73,4,5,4,4,4,4
pitch,pitch,109.369999,109.559999,73,4,5,4,4,4,4
him,him,109.55,109.65,74,4,5,4,4,4,4
my,my,109.65,109.79,74,4,5,4,4,4,4
story,story,109.79,110.15,74,4,5,4,4,4,4
I,i,110.15,110.22,74,4,5,4,4,4,4
tell,tell,110.22,110.44,74,4,5,4,4,4,4
him,him,110.44,110.54,74,4,5,4,4,4,4
what,what,110.54,110.68,74,4,5,4,4,4,4
I’ve,i've,110.68,110.81,74,4,5,4,4,4,4
seen,seen,110.81,111.3,74,4,5,4,4,4,4
and,and,111.83,111.99,75,4,5,4,4,4,4
he,he,111.99,112.11,75,4,5,4,4,4,4
says,says,112.12,112.5,75,4,5,4,4,4,4
Dean,dean,113.36,113.58,76,4,5,4,4,4,4
McGowan,<unk>,113.58,114.15,76,4,5,4,4,4,4
that,that,115.14,115.27,77,4,5,4,4,4,4
guy’s,guy's,115.27,115.45,77,4,5,4,4,4,4
a,a,115.45,115.53,77,4,5,4,4,4,4
dick,dick,115.6,115.96,78,4,5,4,4,4,4
Write,write,116.05,116.3,78,4,5,4,4,4,4
it,it,116.3,116.42,78,4,5,4,4,4,4
up,up,116.42,116.75,78,4,5,4,4,4,4
So,so,118.04,118.21,79,4,5,4,4,4,4
I’m,i'm,118.21,118.34,79,4,5,4,4,4,4
banging,banging,118.349999,118.659999,79,4,5,4,4,4,4
out,out,118.66,118.76,80,5,6,5,5,5,5
my,my,118.76,118.87,80,5,6,5,5,5,5
story,story,118.87,119.22,80,5,6,5,5,5,5
and,and,119.219999,119.319999,80,5,6,5,5,5,5
I,i,119.32,119.39,80,5,6,5,5,5,5
know,know,119.389999,119.649999,80,5,6,5,5,5,5
it’s,it's,119.65,119.84,80,5,6,5,5,5,5
good,good,119.84,120.15,80,5,6,5,5,5,5
and,and,120.55,120.68,81,5,6,5,5,5,5
then,then,120.679999,120.789999,81,5,6,5,5,5,5
I,i,120.79,120.86,81,5,6,5,5,5,5
start,start,120.87,121.32,81,5,6,5,5,5,5
to,to,121.4,121.52,81,5,6,5,5,5,5
make,make,121.52,121.79,82,5,6,5,5,5,5
it,it,121.79,121.96,82,5,6,5,5,5,5
better,better,122.839999,123.289999,82,5,6,5,5,5,5
by,by,126.109999,126.279999,85,5,6,5,5,5,5
adding,adding,126.31,126.55,85,5,6,5,5,5,5
an,an,126.55,126.67,85,5,6,5,5,5,5
element,element,126.68,127.28,85,5,6,5,5,5,5
of,of,127.4,127.55,85,5,6,5,5,5,5
embellishment,embellishment,127.55,128.09,86,5,6,5,5,5,5
Reporters,reporters,129.24,129.84,87,5,6,5,5,5,5
call,call,129.84,130.16,87,5,6,5,5,5,5
this,this,130.16,130.77,87,5,6,5,5,5,5
making,making,131.27,131.78,88,5,6,5,5,5,5
shit,shit,131.78,132.11,88,5,6,5,5,5,5
up,up,132.11,132.47000000000003,89,5,6,5,5,5,5
And,and,135.5,135.69,91,5,6,5,5,5,5
they,they,135.69,135.81,91,5,6,5,5,5,5
recommend,recommend,135.809999,136.57999900000002,91,5,6,5,5,5,5
against,against,136.67,137.33999999999995,92,5,6,5,5,5,5
crossing,crossing,137.34,137.77,92,5,6,5,5,5,5
that,that,137.77,137.96,92,5,6,5,5,5,5
line,line,137.96,138.35,92,5,6,5,5,5,5
But,but,139.95,140.22,94,5,6,5,5,5,5
I,i,140.219999,140.319999,94,5,6,5,5,5,5
had,had,140.33,140.51000000000002,94,5,6,5,5,5,5
just,just,140.509999,140.669999,94,5,6,5,5,5,5
seen,seen,140.67,141.13,94,5,6,5,5,5,5
the,the,141.45,141.64,95,5,6,5,5,5,5
line,line,141.639999,142.049999,95,5,6,5,5,5,5
crossed,crossed,142.09,142.62,95,5,6,5,5,5,5
between,between,142.639999,143.069999,96,5,6,5,5,5,5
a,a,143.119999,143.189999,96,5,6,5,5,5,5
high,high,143.190001,143.39000099999998,96,5,6,5,5,5,5
powered,powered,143.389999,143.699999,96,5,6,5,5,5,5
dean,dean,143.709999,144.189999,96,5,6,5,5,5,5
and,and,144.57,144.70999999999998,97,5,6,5,5,5,5
assault,assault,144.72,145.03,97,5,6,5,5,5,5
with,with,145.03,145.15,97,5,6,5,5,5,5
a,a,145.15,145.19,97,5,6,5,5,5,5
pastry,pastry,145.19,145.84,97,5,6,5,5,5,5
and,and,146.85,146.98,98,5,6,5,5,5,5
I,i,146.98,147.06,98,5,6,5,5,5,5
kind,kind,147.06,147.26,99,5,6,5,5,5,5
of,of,147.26,147.39,99,5,6,5,5,5,5
liked,liked,147.39,147.64999999999998,99,5,6,5,5,5,5
it,it,147.65,147.86,99,5,6,5,5,5,5
So,so,148.77,148.91,100,5,6,5,5,5,5
the,the,148.91,149.02,100,5,6,5,5,5,5
first,first,149.02,149.22,100,5,6,5,5,5,5
I,i,149.39,149.44,100,5,7,5,5,5,5
did,did,149.44,149.93,100,5,7,5,5,5,5
was,was,150.36,150.51000000000002,101,5,7,5,5,5,5
I,i,150.51,150.57,101,5,7,5,5,5,5
gave,gave,150.57,150.79,101,5,7,5,5,5,5
the,the,150.79,150.86,101,5,7,5,5,5,5
figure,figure,150.86,151.21,101,5,7,5,5,5,5
a,a,151.21,151.29000000000002,101,5,7,5,5,5,5
name,name,151.29,151.87,101,5,7,5,5,5,5
I,i,152.139999,152.219999,102,5,7,5,5,5,5
called,called,152.22,152.42,102,5,7,5,5,5,5
him,him,152.42,152.51999999999998,102,5,7,5,5,5,5
Pie,pie,152.52,152.82000000000002,102,5,7,5,5,5,5
Man,man,152.849999,153.159999,102,5,7,5,5,5,5
capital,capital,153.16,153.49,103,5,7,5,5,5,5
P,p,153.5,153.92,103,5,7,5,5,5,5
capital,capital,153.99,154.37,103,5,7,5,5,5,5
M,m,154.389999,154.819999,103,5,7,5,5,5,5
And,and,155.509999,155.659999,104,5,7,5,5,5,5
I,i,155.66,155.72,104,5,7,5,5,5,5
described,described,155.719999,156.169999,104,5,7,5,5,5,5
him,him,156.17,156.28,105,5,7,5,5,5,5
as,as,156.28,156.39,105,5,7,5,5,5,5
a,a,156.389999,156.479999,105,5,7,5,5,5,5
cape,cape,156.48,156.79,105,5,7,5,5,5,5
wearing,wearing,156.799999,157.209999,105,5,7,5,5,5,5
masked,masked,157.21,157.73000000000002,105,5,7,5,5,5,5
avenger,<unk>,157.78,158.38,106,5,7,5,5,5,5
Though,though,159.889999,159.98999899999998,107,5,7,5,5,5,5
in,in,159.99,160.10000000000002,107,5,7,5,5,5,5
fact,fact,160.1,160.36,107,5,7,5,5,5,5
he’d,he'd,160.359999,160.479999,107,5,7,5,5,5,5
been,been,160.48,160.63,107,5,7,5,5,5,5
capeless,<unk>,160.629999,161.149999,108,5,7,5,5,5,5
And,and,162.00999900000002,162.039999,109,5,7,5,5,5,5
said,said,162.209999,162.369999,109,5,7,5,5,5,5
that,that,162.369999,162.44999900000002,109,5,7,5,5,5,5
as,as,162.45,162.57999999999998,109,5,7,5,5,5,5
he,he,162.58,162.68,109,5,7,5,5,5,5
fled,fled,162.68,162.96,109,5,7,5,5,5,5
the,the,162.96,163.05,109,5,7,5,5,5,5
scene,scene,163.05,163.57000000000002,109,5,7,5,5,5,5
he,he,163.92,164.17,110,5,7,5,5,5,5
clicked,clicked,164.17,164.51999999999998,110,5,7,5,5,5,5
his,his,164.52,164.70000000000002,110,5,7,5,5,5,5
heels,heels,164.71,165.17000000000002,110,5,7,5,5,5,5
in,in,165.17,165.29999999999998,111,5,7,5,5,5,5
rakish,<unk>,165.3,165.67000000000002,111,5,7,5,5,5,5
glee,glee,165.7,166.08999999999995,111,5,7,5,5,5,5
And,and,169.17,169.30999999999997,113,5,7,5,5,5,5
I,i,169.31,169.37,113,5,7,5,5,5,5
gave,gave,169.38,169.57999999999998,113,5,7,5,5,5,5
him,him,169.58,169.70000000000002,114,5,7,5,5,5,5
a,a,169.7,169.76999999999998,114,5,7,5,5,5,5
catchphrase,<unk>,169.77,170.44,114,5,7,5,5,5,5
in,in,171.639999,171.849999,115,5,7,5,5,5,5
Latin,latin,171.849999,172.289999,115,5,7,5,5,5,5
I,i,175.67,175.78,118,5,7,5,5,5,5
said,said,175.78,175.98,118,5,7,5,5,5,5
that,that,175.98,176.07,118,5,7,5,5,5,5
he,he,176.07,176.14,118,5,7,5,5,5,5
cried,cried,176.139999,176.52999899999998,118,5,7,5,5,5,5
out,out,176.53,176.83,118,5,7,5,5,5,5
Ego,ego,177.95000000000002,177.98000000000002,119,5,7,5,5,5,5
sum,sum,177.98000000000002,178.24,119,5,7,5,5,5,5
non,non,178.56,179.08,120,5,7,5,5,5,5
an,an,179.09,179.13000000000002,120,5,7,5,5,5,5
bestia,<unk>,179.690001,180.340001,120,5,7,5,5,5,5
which,which,181.73,181.94,122,5,7,5,5,5,5
means,means,181.94,182.21,122,5,7,5,5,5,5
I,i,182.25,182.85,122,5,7,5,5,5,5
am,am,182.97,183.21,122,5,7,5,5,5,5
not,not,183.21,183.57,123,5,7,5,5,5,5
an,an,183.77,184.0,123,5,7,5,5,5,5
animal,animal,184.02,184.95,123,5,7,5,5,5,5
Which,which,186.11,186.4,125,5,7,5,5,5,5
makes,makes,186.4,186.86,125,5,7,5,5,5,5
no,no,186.94,187.36,125,5,7,5,5,5,5
sense,sense,187.36,187.83,125,5,7,5,5,5,5
I,i,189.84,189.97,127,5,7,5,5,5,5
needed,needed,189.969999,190.299999,127,5,7,5,5,5,5
something,something,190.3,190.88,127,5,7,5,5,5,5
I’m,i'm,191.52,191.73,128,5,7,5,5,5,5
Catholic,catholic,191.73,192.28,128,5,7,5,5,5,5
Latin,latin,192.29,192.66,129,5,7,5,5,5,5
just,just,192.66,192.85,129,5,7,5,5,5,5
comes,comes,192.849999,193.129999,129,5,7,5,5,5,5
to,to,193.13,193.2,129,5,7,5,5,5,5
me,me,193.2,193.55,129,5,7,5,5,5,5
So,so,195.45,195.58,131,5,7,5,5,5,5
I,i,195.58,195.65,131,5,7,5,5,5,5
finish,finish,195.65,195.92,131,5,7,5,5,5,5
my,my,195.94,196.05,131,5,7,5,5,5,5
story,story,196.049999,196.449999,131,5,7,5,5,5,5
and,and,196.609999,196.719999,132,6,8,6,6,6,6
I,i,196.719999,196.769999,132,6,8,6,6,6,6
hand,hand,196.77,196.93,132,6,8,6,6,6,6
it,it,196.93,196.95,132,6,8,6,6,6,6
Dwyer,<unk>,196.949999,197.609999,132,6,8,6,6,6,6
and,and,197.719999,197.839999,132,6,8,6,6,6,6
he,he,197.84,197.92,132,6,8,6,6,6,6
reads,reads,197.92,198.17,132,6,8,6,6,6,6
and,and,198.17,198.3,133,6,8,6,6,6,6
he,he,198.299999,198.449999,133,6,8,6,6,6,6
says,says,198.45,198.78,133,6,8,6,6,6,6
Pie,pie,199.41,199.67,133,6,8,6,6,6,6
Man,man,199.71,200.17,134,6,8,6,6,6,6
I,i,201.08,201.19000000000003,135,6,8,6,6,6,6
love,love,201.2,201.5,135,6,8,6,6,6,6
it,it,201.5,201.62,135,6,8,6,6,6,6
Page,page,201.77,202.06,135,6,8,6,6,6,6
one,one,202.06,202.41,135,6,8,6,6,6,6
And,and,204.54,204.78,137,6,8,6,6,6,6
that’s,that's,204.78,205.34,137,6,8,6,6,6,6
how,how,205.39,205.61,137,6,8,6,6,6,6
the,the,205.61,205.73,138,6,8,6,6,6,6
first,first,205.73,206.13,138,6,8,6,6,6,6
line,line,206.13,206.64,138,6,8,6,6,6,6
got,got,206.88,207.14,138,6,8,6,6,6,6
crossed,crossed,207.139999,207.769999,139,6,8,6,6,6,6
A,a,209.5,209.55,140,6,8,6,6,6,6
few,few,209.55,209.75,140,6,8,6,6,6,6
days,days,209.75,209.96,140,6,8,6,6,6,6
later,later,209.96,210.21,140,6,8,6,6,6,6
I,i,210.21,210.26,141,6,8,6,6,6,6
get,get,210.259999,210.379999,141,7,9,7,7,7,7
a,a,210.38,210.43,141,7,9,7,7,7,7
letter,letter,210.429999,210.969999,141,7,9,7,7,7,7
It,it,212.02,212.18,142,7,9,7,7,7,7
says,says,212.179999,212.429999,142,7,9,7,7,7,7
Dear,dear,212.429999,212.629999,142,7,9,7,7,7,7
Jim,jim,212.67,213.06,142,7,9,7,7,7,7
good,good,213.49,213.67,143,7,9,7,7,7,7
story,story,213.67,214.19,143,7,9,7,7,7,7
Nice,nice,214.25,214.62,143,7,9,7,7,7,7
details,details,214.67,215.56,144,7,9,7,7,7,7
If,if,216.309999,216.469999,145,7,9,7,7,7,7
you,you,216.47,216.58,145,7,9,7,7,7,7
want,want,216.58,216.75,145,7,9,7,7,7,7
to,to,216.75,216.82,145,7,9,7,7,7,7
see,see,216.84,217.11,145,7,9,7,7,7,7
me,me,217.11,217.36,145,7,9,7,7,7,7
again,again,217.36,217.94000000000003,145,7,9,7,7,7,7
in,in,218.0,218.21,146,7,9,7,7,7,7
action,action,218.21,218.82,146,7,9,7,7,7,7
be,be,219.58,219.75,147,7,9,7,7,7,7
on,on,219.75,219.84,147,7,9,7,7,7,7
the,the,219.84,219.92,147,7,9,7,7,7,7
steps,steps,219.93,220.25,147,7,9,7,7,7,7
of,of,220.25,220.4,147,7,9,7,7,7,7
Duane,duane,220.4,220.75,147,7,9,7,7,7,7
Library,library,220.75,221.31,148,7,9,7,7,7,7
Tuesday,tuesday,221.33,221.96,148,7,9,7,7,7,7
at,at,222.01,222.18,149,7,9,7,7,7,7
3,<unk>,222.18,222.46,149,7,9,7,7,7,7
o’clock,o'clock,222.46,222.97,149,7,9,7,7,7,7
signed,signed,224.15,225.0,150,7,9,7,7,7,7
Pie,pie,225.4,225.7,151,7,9,7,7,7,7
Man,man,225.7,226.07,151,7,9,7,7,7,7
So,so,229.13,229.35,153,7,9,7,7,7,7
I,i,229.349999,229.439999,153,7,9,7,7,7,7
was,was,229.44,229.66,153,7,9,7,7,7,7
there,there,229.66,230.53,154,7,9,7,7,7,7
with,with,230.94,231.1,154,7,9,7,7,7,7
a,a,231.099999,231.159999,155,8,10,8,8,8,8
photographer,photographer,231.16,231.8,155,8,10,8,8,8,8
from,from,231.799999,231.969999,155,8,10,8,8,8,8
the,the,231.969999,232.019999,155,8,10,8,8,8,8
Ram,ram,232.02,232.1,155,8,10,8,8,8,8
And,and,233.279999,233.359999,156,8,10,8,8,8,8
sure,sure,233.359999,233.539999,156,8,10,8,8,8,8
enough,enough,233.539999,233.889999,156,8,10,8,8,8,8
out,out,234.27,234.47,157,8,10,8,8,8,8
comes,comes,234.469999,234.679999,157,8,10,8,8,8,8
Sheila,sheila,234.690001,235.190001,157,8,10,8,8,8,8
student,student,235.88,236.33,158,8,10,8,8,8,8
body,body,236.33,236.61,158,8,10,8,8,8,8
president,president,236.62,237.29,158,8,10,8,8,8,8
And,and,238.13,238.26,159,8,10,8,8,8,8
now,now,238.26,238.33,159,8,10,8,8,8,8
Sheila,sheila,238.33,238.64,159,8,10,8,8,8,8
was,was,238.65,238.88,160,8,10,8,8,8,8
different,different,238.88,239.24,160,8,10,8,8,8,8
from,from,239.24,239.46,160,8,10,8,8,8,8
me,me,239.46,239.94,160,8,10,8,8,8,8
and,and,240.39,240.62,161,8,10,8,8,8,8
all,all,240.62,240.84,161,8,10,8,8,8,8
the,the,240.85,240.95,161,8,10,8,8,8,8
other,other,240.95,241.12,161,8,10,8,8,8,8
Fordham,fordham,241.12,241.5,161,8,10,8,8,8,8
students,students,241.5,241.85,162,8,10,8,8,8,8
who,who,241.85,241.95,162,8,10,8,8,8,8
wore,wore,241.95,242.17,162,8,10,8,8,8,8
flannel,flannel,242.17,242.6,162,8,10,8,8,8,8
shirts,shirts,242.599999,242.939999,162,8,10,8,8,8,8
and,and,242.94,243.08,162,8,10,8,8,8,8
worked,worked,243.08,243.29,163,8,10,8,8,8,8
part,part,243.29,243.53,163,8,10,8,8,8,8
time,time,243.53,243.77,163,8,10,8,8,8,8
jobs,jobs,243.77,244.21,163,8,10,8,8,8,8
Sheila,sheila,244.96,245.36,164,8,10,8,8,8,8
was,was,245.41,245.98,164,8,10,8,8,8,8
well,well,246.16,246.53,165,8,10,8,8,8,8
bred,bred,246.54,247.1,165,8,10,8,8,8,8
Sheila,sheila,247.45,247.83,165,8,10,8,8,8,8
had,had,247.84,248.34,166,8,10,8,8,8,8
school,school,248.549999,249.079999,166,8,10,8,8,8,8
spirit,spirit,249.089999,249.649999,167,8,10,8,8,8,8
Sheila,sheila,251.75,252.09,168,8,10,8,8,8,8
was,was,252.1,252.25,169,8,10,8,8,8,8
the,the,252.25,252.34,169,8,10,8,8,8,8
kind,kind,252.34,252.52,169,8,10,8,8,8,8
of,of,252.52,252.63,169,8,10,8,8,8,8
student,student,252.63,252.92,169,8,10,8,8,8,8
that,that,252.889999,253.029999,169,8,10,8,8,8,8
Dean,dean,253.03,253.24,169,8,10,8,8,8,8
McGown,<unk>,253.24,253.63,169,8,10,8,8,8,8
wanted,wanted,253.63,253.92,170,8,10,8,8,8,8
more,more,253.92,254.21,170,8,10,8,8,8,8
of,of,254.21,254.64,170,8,10,8,8,8,8
Although,although,255.86,256.19,171,8,10,8,8,8,8
rumor,rumor,256.19,256.58,171,8,10,8,8,8,8
had,had,256.58,256.89,172,8,10,8,8,8,8
it,it,256.89,257.06,172,8,10,8,8,8,8
that,that,257.11,257.29,172,8,10,8,8,8,8
he,he,257.29,257.42,172,8,10,8,8,8,8
got,got,257.42,257.57,172,8,10,8,8,8,8
plenty,plenty,257.58,257.89,172,8,10,8,8,8,8
of,of,257.89,258.04,172,8,10,8,8,8,8
her,her,258.04,258.39000000000004,173,8,10,8,8,8,8
in,in,258.44,258.59,173,8,10,8,8,8,8
his,his,258.59,258.73999999999995,173,8,10,8,8,8,8
office,office,258.74,259.36,173,8,10,8,8,8,8
on,on,259.44,259.64,173,8,10,8,8,8,8
his,his,259.64,259.76,174,8,10,8,8,8,8
desk,desk,259.76,260.08,174,8,10,8,8,8,8
But,but,262.25,262.39,175,8,10,8,8,8,8
that’s,that's,262.389999,262.559999,175,8,10,8,8,8,8
just,just,262.559999,262.759999,176,8,10,8,8,8,8
a,a,262.76,262.82,176,8,10,8,8,8,8
rumor,rumor,262.82,263.07,176,8,10,8,8,8,8
please,please,263.07,263.32,176,8,10,8,8,8,8
do,do,263.32,263.46,176,8,10,8,8,8,8
not,not,263.46,263.66,176,8,10,8,8,8,8
spread,spread,263.66,263.93,176,8,10,8,8,8,8
it,it,263.929999,264.08999900000003,176,8,10,8,8,8,8
outside,outside,264.17,264.53000000000003,177,8,10,8,8,8,8
this,this,264.53,264.69,177,8,10,8,8,8,8
rumor,rumor,264.69,265.01,177,8,10,8,8,8,8
I,i,266.099999,266.249999,178,8,10,8,8,8,8
myself,myself,266.25,266.66,178,8,10,8,8,8,8
would,would,266.66,266.8,178,8,10,8,8,8,8
never,never,266.799999,267.099999,178,8,10,8,8,8,8
say,say,267.099999,267.299999,179,8,10,8,8,8,8
that,that,267.299999,267.52999900000003,179,8,10,8,8,8,8
But,but,268.51,268.67,180,8,10,8,8,8,8
the,the,268.67,268.75,180,8,10,8,8,8,8
fact,fact,268.75,269.09,180,8,10,8,8,8,8
was,was,269.09,269.54,180,8,10,8,8,8,8
Sheila,sheila,269.6,269.96000000000004,180,8,10,8,8,8,8
had,had,270.0,270.18,181,8,10,8,8,8,8
collaborated,collaborated,270.18,270.84000000000003,181,8,11,8,8,8,8
with,with,270.84,270.95,181,8,11,8,8,8,8
the,the,270.95,271.03,181,8,11,8,8,8,8
Dean,dean,271.03,271.54,181,8,11,8,8,8,8
to,to,271.82,271.97,182,8,11,8,8,8,8
ban,ban,271.97,272.48,182,8,11,8,8,8,8
outdoor,outdoor,272.57,273.09,182,8,11,8,8,8,8
drinking,drinking,273.09,273.57,183,8,11,8,8,8,8
on,on,273.58,273.81,183,8,11,8,8,8,8
campus,campus,273.81,274.46,183,8,11,8,8,8,8
The,the,274.79,274.96000000000004,184,8,11,8,8,8,8
infamous,infamous,274.96,275.42,184,8,11,8,8,8,8
no,no,275.43,275.67,184,8,11,8,8,8,8
more,more,275.67,276.02000000000004,184,8,11,8,8,8,8
beer,beer,276.08,276.43,185,8,11,8,8,8,8
at,at,276.45,276.59,185,8,11,8,8,8,8
barbecues,barbecues,276.59,277.14,185,8,11,8,8,8,8
rule,rule,277.14,277.42,185,8,11,8,8,8,8
That’s,that's,277.49,277.69,185,8,11,8,8,8,8
right,right,277.69,277.94,186,8,11,8,8,8,8
boo,boo,277.98,278.17,186,8,11,8,8,8,8
that,that,278.17,278.40000000000003,186,8,11,8,8,8,8
rule,rule,278.4,278.79999999999995,186,8,11,8,8,8,8
Sheila,sheila,281.389999,281.729999,188,8,11,8,8,8,8
thought,thought,281.73,281.91,188,8,11,8,8,8,8
drinking,drinking,281.92,282.26,188,8,11,8,8,8,8
in,in,282.259999,282.389999,189,8,11,8,8,8,8
public,public,282.389999,282.849999,189,8,11,8,8,8,8
was,was,283.2,283.38,189,8,11,8,8,8,8
in,in,283.38,283.54,189,8,11,8,8,8,8
poor,poor,283.54,283.85,190,8,11,8,8,8,8
taste,taste,283.849999,284.57999900000004,190,8,11,8,8,8,8
I,i,286.4,286.52,191,8,11,8,8,8,8
think,think,286.52,286.75,192,8,11,8,8,8,8
you,you,286.75,286.87,192,8,11,8,8,8,8
know,know,286.879999,287.409999,192,8,11,8,8,8,8
what,what,287.43,287.62,192,8,11,8,8,8,8
happened,happened,287.629999,288.009999,192,8,11,8,8,8,8
next,next,288.079999,288.589999,193,9,12,9,9,9,9
Pie,pie,290.24,290.46000000000004,194,9,12,9,9,9,9
Man,man,290.5,290.67,194,9,12,9,9,9,9
emerged,emerged,290.67,291.38,194,9,12,9,9,9,9
from,from,292.04,292.23,195,9,12,9,9,9,9
behind,behind,292.23,292.47,195,9,12,9,9,9,9
the,the,292.47,292.57000000000005,195,9,12,9,9,9,9
late,late,292.57,292.87,196,9,12,9,9,9,9
night,night,292.87,293.14,196,9,12,9,9,9,9
library,library,293.18,293.64,196,9,12,9,9,9,9
drop,drop,293.64,293.97,196,9,12,9,9,9,9
box,box,293.98,294.41,196,9,12,9,9,9,9
made,made,294.74,294.99,197,9,12,9,9,9,9
his,his,294.99,295.15000000000003,197,9,12,9,9,9,9
delivery,delivery,295.15,295.77,197,9,12,9,9,9,9
and,and,296.0,296.12,198,9,12,9,9,9,9
fled,fled,296.12,296.38,198,9,12,9,9,9,9
away,away,296.38,296.79,198,9,12,9,9,9,9
crying,crying,297.86,298.38,199,9,12,9,9,9,9
Ego,ego,298.57,298.92,200,9,12,9,9,9,9
sum,sum,298.92,299.45,200,9,12,9,9,9,9
non,non,299.73,300.17,200,9,12,9,9,9,9
an,an,300.179999,300.199999,201,9,12,9,9,9,9
bestia,<unk>,300.2,300.49,201,9,12,9,9,9,9
Or,or,303.679999,303.979999,203,9,12,9,9,9,9
at,at,304.25,304.41,203,9,12,9,9,9,9
least,least,304.41,304.63000000000005,203,9,12,9,9,9,9
that’s,that's,304.629999,304.849999,204,9,12,9,9,9,9
what,what,304.85,304.96000000000004,204,9,12,9,9,9,9
it,it,304.959999,305.049999,204,9,12,9,9,9,9
said,said,305.049999,305.27999900000003,204,9,12,9,9,9,9
in,in,305.279999,305.379999,204,9,12,9,9,9,9
my,my,305.379999,305.559999,204,9,12,9,9,9,9
story,story,305.559999,305.879999,204,9,12,9,9,9,9
in,in,305.879999,305.919999,204,9,12,9,9,9,9
the,the,305.93,306.02,204,9,12,9,9,9,9
newspaper,newspaper,306.05,306.51,205,9,12,9,9,9,9
the,the,306.51,306.6,205,9,12,9,9,9,9
next,next,306.6,306.81,205,9,12,9,9,9,9
day,day,306.81,307.14,205,9,12,9,9,9,9
which,which,308.24,308.53000000000003,206,9,12,9,9,9,9
ran,ran,308.53,308.80999999999995,206,9,12,9,9,9,9
with,with,308.81,308.95,206,9,12,9,9,9,9
a,a,308.95,309.01,206,9,12,9,9,9,9
photo,photo,309.01,309.72,207,9,12,9,9,9,9
of,of,309.9,310.09,207,9,12,9,9,9,9
him,him,310.09,310.45,207,9,12,9,9,9,9
leaving,leaving,310.99,311.40000000000003,208,9,12,9,9,9,9
the,the,311.4,311.48999999999995,208,9,12,9,9,9,9
scene,scene,311.49,311.93,208,9,12,9,9,9,9
cape,cape,311.99,312.40000000000003,208,9,12,9,9,9,9
flowing,flowing,312.4,312.85,209,9,12,9,9,9,9
behind,behind,312.85,313.27000000000004,209,9,12,9,9,9,9
him,him,313.27,313.6,209,9,12,9,9,9,9
doing,doing,313.8,314.1,210,9,12,9,9,9,9
this,this,314.099999,314.419999,210,9,12,9,9,9,9
And,and,317.45,317.65,212,9,12,9,9,9,9
that’s,that's,317.67,318.26,212,9,12,9,9,9,9
what,what,318.32,318.52,213,9,12,9,9,9,9
made,made,318.52,318.75,213,9,12,9,9,9,9
him,him,318.75,318.89,213,9,12,9,9,9,9
a,a,318.889999,318.949999,213,9,12,9,9,9,9
sensation,sensation,318.95,319.87,213,9,12,9,9,9,9
on,on,319.969999,320.159999,214,9,12,9,9,9,9
campus,campus,320.16,320.68,214,9,12,9,9,9,9
People,people,321.089999,321.329999,215,9,12,9,9,9,9
started,started,321.33,321.6,215,9,12,9,9,9,9
dressing,dressing,321.61,322.11,215,9,12,9,9,9,9
like,like,322.109999,322.309999,215,9,12,9,9,9,9
him,him,322.309999,322.629999,215,9,12,9,9,9,9
and,and,323.1,323.19,216,9,12,9,9,9,9
quoting,quoting,323.190001,323.650001,216,9,12,9,9,9,9
him,him,323.65,323.79,216,9,12,9,9,9,9
in,in,323.789999,323.939999,216,9,12,9,9,9,9
class,class,323.940001,324.400001,216,9,12,9,9,9,9
The,the,324.9,325.03,217,9,12,9,9,9,9
Ram,ram,325.03,325.39,217,9,12,9,9,9,9
ran,ran,325.39,325.61,217,9,12,9,9,9,9
five,five,325.61,326.01,218,9,12,9,9,9,9
major,major,326.01,326.27,218,9,12,9,9,9,9
stories,stories,326.27,326.65,218,9,12,9,9,9,9
about,about,326.65,326.87,218,9,12,9,9,9,9
Pie,pie,326.87,327.1,218,9,12,9,9,9,9
Man,man,327.1,327.37,219,9,12,9,9,9,9
all,all,327.56,327.8,219,9,12,9,9,9,9
of,of,327.8,327.93,219,9,12,9,9,9,9
them,them,327.93,328.05,219,9,12,9,9,9,9
by,by,328.05,328.25,219,9,12,9,9,9,9
me,me,328.27,328.65,219,9,12,9,9,9,9
And,and,329.91,330.08000000000004,220,9,12,9,9,9,9
toward,toward,330.08,330.28,221,9,12,9,9,9,9
the,the,330.28,330.34,221,9,12,9,9,9,9
end,end,330.34,330.47,221,9,12,9,9,9,9
of,of,330.47,330.56,221,9,12,9,9,9,9
this,this,330.56,330.76,221,9,12,9,9,9,9
run,run,330.76,330.95,221,9,12,9,9,9,9
I,i,330.95,331.02,221,10,13,10,10,10,10
was,was,331.02,331.15,221,10,13,10,10,10,10
out,out,331.15,331.26,221,10,13,10,10,10,10
at,at,331.26,331.36,221,10,13,10,10,10,10
a,a,331.36,331.41,221,10,13,10,10,10,10
bar,bar,331.41,331.72,221,10,13,10,10,10,10
one,one,331.72,331.93,222,10,13,10,10,10,10
night,night,331.93,332.2,222,10,13,10,10,10,10
and,and,332.24,332.38,222,10,13,10,10,10,10
I,i,332.38,332.46,222,10,13,10,10,10,10
saw,saw,332.47,332.83000000000004,222,10,13,10,10,10,10
I,i,333.559999,333.759999,223,10,13,10,10,10,10
came,came,333.76,334.09,223,10,13,10,10,10,10
and,and,334.09,334.2,223,10,13,10,10,10,10
I,i,334.2,334.28,223,10,13,10,10,10,10
saw,saw,334.29,334.42,223,11,14,11,11,11,11
in,in,334.42,334.47,223,11,14,11,11,11,11
the,the,334.48,334.59000000000003,223,11,14,11,11,11,11
corner,corner,334.59,335.29,224,11,14,11,11,11,11
Angela,angela,336.53,337.05999999999995,225,11,14,11,11,11,11
from,from,337.08,337.29,225,11,14,11,11,11,11
my,my,337.29,337.41,225,11,14,11,11,11,11
Brit,brit,337.41,337.66,225,11,14,11,11,11,11
Lit,lit,337.66,337.83000000000004,226,11,14,11,11,11,11
class,class,337.87,338.47,226,11,14,11,11,11,11
drinking,drinking,338.74,339.08,226,11,14,11,11,11,11
with,with,339.08,339.21,227,11,14,11,11,11,11
some,some,339.21,339.37,227,11,14,11,11,11,11
friends,friends,339.37,339.81,227,11,14,11,11,11,11
And,and,340.23,340.37,227,11,14,11,11,11,11
now,now,340.369999,340.479999,227,11,14,11,11,11,11
Angela,angela,340.48,340.84000000000003,227,11,14,11,11,11,11
and,and,340.84,340.94,228,11,14,11,11,11,11
I,i,340.940001,341.050001,228,11,14,11,11,11,11
had,had,341.059999,341.229999,228,11,14,11,11,11,11
been,been,341.23,341.5,228,11,14,11,11,11,11
flirting,flirting,341.59,342.1,228,12,15,12,12,12,12
for,for,342.1,342.24,229,12,15,12,12,12,12
two,two,342.24,342.44,229,12,15,12,12,12,12
months,months,342.440001,342.890001,229,12,15,12,12,12,12
Or,or,343.87,344.18,230,12,15,12,12,12,12
I,i,344.86,345.02000000000004,230,12,15,12,12,12,12
had,had,345.02,345.18,231,12,15,12,12,12,12
been,been,345.18,345.37,231,12,15,12,12,12,12
flirting,flirting,345.39,345.8,231,12,15,12,12,12,12
with,with,345.8,345.94,231,12,15,12,12,12,12
her,her,345.94,346.35,231,12,15,12,12,12,12
and,and,347.69,347.92,232,12,15,12,12,12,12
with,with,347.92,348.08000000000004,232,12,15,12,12,12,12
such,such,348.09,348.46,233,12,15,12,12,12,12
nuance,nuance,348.58,349.32,233,12,15,12,12,12,12
that,that,349.34,349.54,233,12,15,12,12,12,12
there,there,349.65,349.81,234,12,15,12,12,12,12
was,was,349.81,349.95,234,12,15,12,12,12,12
a,a,349.95,350.02,234,12,15,12,12,12,12
question,question,350.02,350.43,234,12,15,12,12,12,12
about,about,350.429999,350.629999,234,12,15,12,12,12,12
whether,whether,350.63,350.87,234,12,15,12,12,12,12
she,she,350.87,351.05,234,12,15,12,12,12,12
knew,knew,351.05,351.3,235,12,15,12,12,12,12
I,i,351.3,351.46000000000004,235,12,15,12,12,12,12
existed,existed,351.469999,351.98999899999995,235,12,15,12,12,12,12
So,so,354.41,354.6,237,12,15,12,12,12,12
I,i,354.599999,354.75999900000005,237,12,15,12,12,12,12
I,i,354.86,355.0,237,12,15,12,12,12,12
saw,saw,355.0,355.22,237,12,15,12,12,12,12
her,her,355.219999,355.399999,237,12,15,12,12,12,12
there,there,355.4,355.54,237,12,15,12,12,12,12
and,and,355.54,355.68,238,12,15,12,12,12,12
made,made,355.679999,355.809999,238,13,16,13,13,13,13
a,a,355.809999,355.859999,238,13,16,13,13,13,13
mental,mental,355.86,356.15000000000003,238,13,16,13,13,13,13
note,note,356.15,356.38,238,13,16,13,13,13,13
to,to,356.389999,356.519999,238,13,16,13,13,13,13
do,do,356.52,356.71,238,13,16,13,13,13,13
nothing,nothing,356.71,357.0,238,13,16,13,13,13,13
about,about,357.0,357.27,239,13,16,13,13,13,13
it,it,357.27,357.44,239,13,16,13,13,13,13
And,and,358.9,359.04999999999995,240,13,16,13,13,13,13
then,then,359.049999,359.159999,240,13,16,13,13,13,13
I,i,359.16,359.21000000000004,240,13,16,13,13,13,13
went,went,359.209999,359.389999,240,13,16,13,13,13,13
to,to,359.389999,359.469999,240,13,16,13,13,13,13
the,the,359.46999900000003,359.56999900000005,240,13,16,13,13,13,13
bar,bar,359.57,360.15,240,13,16,13,13,13,13
to,to,361.24,361.33,241,14,17,14,14,14,14
buy,buy,361.33,361.51,241,14,17,14,14,14,14
a,a,361.51,361.57,242,14,17,14,14,14,14
round,round,361.57,361.96,242,14,17,14,14,14,14
and,and,362.5,362.74,242,14,17,14,14,14,14
I,i,362.74,362.8,242,14,17,14,14,14,14
felt,felt,362.8,363.03,242,14,17,14,14,14,14
a,a,363.03,363.09,243,14,17,14,14,14,14
tap,tap,363.09,363.42,243,14,17,14,14,14,14
on,on,363.42,363.51,243,14,17,14,14,14,14
my,my,363.51,363.61,243,14,17,14,14,14,14
shoulder,shoulder,363.61,364.07,243,15,18,15,15,15,15
And,and,365.43,365.58,244,15,18,15,15,15,15
it,it,365.58,365.64,244,15,18,15,15,15,15
was,was,365.64,365.77,244,15,18,15,15,15,15
her,her,365.77,366.15,244,15,18,15,15,15,15
And,and,367.41,367.54,245,15,18,15,15,15,15
she,she,367.54,367.7000000000001,246,15,18,15,15,15,15
said,said,367.7,367.97,246,15,18,15,15,15,15
Jim,jim,369.349999,369.6399990000001,247,16,19,16,16,16,16
we,we,369.639999,369.789999,247,16,19,16,16,16,16
were,were,369.79,369.91,247,16,19,16,16,16,16
just,just,369.91,370.13000000000005,247,16,19,16,16,16,16
talking,talking,370.13,370.43,247,17,20,17,17,17,17
about,about,370.429999,370.629999,247,17,20,17,17,17,17
how,how,370.63,370.8,248,17,20,17,17,17,17
you,you,370.8,371.15,248,17,20,17,17,17,17
always,always,371.17,371.82,248,17,20,17,17,17,17
seem,seem,371.83,372.14,248,17,20,17,17,17,17
to,to,372.139999,372.269999,249,17,20,17,17,17,17
know,know,372.27,372.98,249,17,20,17,17,17,17
when,when,373.009999,373.749999,249,17,20,17,17,17,17
and,and,373.98,374.22,250,17,20,17,17,17,17
where,where,374.219999,374.699999,250,17,20,17,17,17,17
Pie,pie,374.71,375.04,250,17,20,17,17,17,17
Man,man,375.04,375.29,251,17,20,17,17,17,17
will,will,375.29,375.41,251,17,20,17,17,17,17
strike,strike,375.41,376.03,251,17,20,17,17,17,17
And,and,376.969999,377.2599990000001,252,17,20,17,17,17,17
we,we,377.32,377.6,252,17,20,17,17,17,17
were,were,377.6,377.77,252,17,20,17,17,17,17
wondering,wondering,377.77,378.36,252,17,20,17,17,17,17
are,are,379.42,379.58,253,17,20,17,17,17,17
you,you,379.68,380.15,254,17,20,17,17,17,17
Pie,pie,380.35,380.66,254,17,20,17,17,17,17
Man,man,380.66,381.04,254,17,20,17,17,17,17
And,and,381.84,381.88,255,17,20,17,17,17,17
I,i,383.83,384.04,256,17,20,17,17,17,17
knew,knew,384.04,384.48,257,17,20,17,17,17,17
by,by,384.49,384.63,257,17,20,17,17,17,17
the,the,384.63,384.75,257,17,20,17,17,17,17
way,way,384.75,384.89,257,17,20,17,17,17,17
she,she,384.89,385.09,257,17,20,17,17,17,17
said,said,385.1,385.33,257,18,21,18,18,18,18
it,it,385.33,385.43,257,18,21,18,18,18,18
I,i,385.45,385.6,257,18,21,18,18,18,18
knew,knew,385.6,386.11,258,18,21,18,18,18,18
that,that,386.95,387.07,258,18,21,18,18,18,18
if,if,387.07,387.2,259,18,21,18,18,18,18
I,i,387.2,387.32,259,18,21,18,18,18,18
said,said,387.349999,387.539999,259,18,21,18,18,18,18
yes,yes,387.54,387.9,259,18,21,18,18,18,18
she,she,387.91,388.11,259,18,21,18,18,18,18
would,would,388.11,388.26,259,18,21,18,18,18,18
have,have,388.26,388.42,259,18,21,18,18,18,18
sex,sex,388.42,388.79,259,18,21,18,18,18,18
with,with,388.79,388.9500000000001,260,18,21,18,18,18,18
me,me,388.95,389.18,260,18,21,18,18,18,18
And,and,392.07,392.19,262,18,21,18,18,18,18
wasn’t,wasn't,392.91,393.15,262,18,21,18,18,18,18
I,i,393.15,393.33,263,18,21,18,18,18,18
really,really,393.38,393.93,263,18,21,18,18,18,18
Pie,pie,393.94,394.25,263,18,21,18,18,18,18
Man,man,394.37,394.81,263,18,21,18,18,18,18
For,for,398.76,398.99,266,18,21,18,18,18,18
having,having,399.0,399.35,267,18,21,18,18,18,18
him,him,399.75,399.91,267,18,21,18,18,18,18
into,into,399.91,400.19,267,18,21,18,18,18,18
being,being,400.2,400.82,267,18,21,18,18,18,18
Didn’t,didn't,401.02,401.25,268,18,21,18,18,18,18
she,she,401.26,401.46,268,18,21,18,18,18,18
only,only,401.46,401.73,268,18,21,18,18,18,18
know,know,401.73,402.01,268,18,21,18,18,18,18
about,about,402.01,402.28,269,18,21,18,18,18,18
him,him,402.28,402.47,269,18,21,18,18,18,18
through,through,402.49,402.72,269,18,21,18,18,18,18
me,me,402.72,403.29,269,18,21,18,18,18,18
But,but,405.04,405.2600000000001,271,18,21,18,18,18,18
she,she,405.27,405.47,271,18,21,18,18,18,18
had,had,405.49,405.56,271,18,21,18,18,18,18
asked,asked,405.559999,405.789999,271,18,21,18,18,18,18
me,me,405.79,405.9,271,18,21,18,18,18,18
a,a,405.9,405.95,271,18,21,18,18,18,18
straightforward,straightforward,405.95,406.53,271,18,21,18,18,18,18
question,question,406.53,407.1,272,19,22,19,19,19,19
that,that,407.58,407.75,272,19,22,19,19,19,19
came,came,407.75,407.95,272,19,22,19,19,19,19
with,with,407.95,408.07,272,19,22,19,19,19,19
a,a,408.07,408.11,273,19,22,19,19,19,19
straightforward,straightforward,408.11,408.72,273,19,22,19,19,19,19
answer,answer,408.719999,409.019999,273,19,22,19,19,19,19
In,in,409.02,409.15,273,19,22,19,19,19,19
fact,fact,409.15,409.65,273,19,22,19,19,19,19
I,i,410.13,410.3,274,19,22,19,19,19,19
wasn’t,wasn't,410.309999,410.769999,274,19,22,19,19,19,19
Pie,pie,410.77,411.03,274,19,22,19,19,19,19
Man,man,411.03,411.49,275,19,22,19,19,19,19
As,as,411.57,411.74,275,19,22,19,19,19,19
far,far,411.74,411.93,275,19,22,19,19,19,19
as,as,411.929999,412.019999,275,19,22,19,19,19,19
I,i,412.02,412.08,275,19,22,19,19,19,19
knew,knew,412.08,412.25,275,19,22,19,19,19,19
I,i,412.25,412.26,275,19,22,19,19,19,19
had,had,412.279999,412.469999,275,19,22,19,19,19,19
never,never,412.469999,412.869999,275,19,22,19,19,19,19
seen,seen,413.119999,413.509999,276,19,22,19,19,19,19
the,the,413.51,413.61,276,19,22,19,19,19,19
guy,guy,413.609999,414.099999,276,19,22,19,19,19,19
out,out,414.199999,414.389999,277,19,22,19,19,19,19
of,of,414.389999,414.529999,277,19,22,19,19,19,19
costume,costume,414.53,415.15,277,19,22,19,19,19,19
So,so,416.11,416.37,278,19,22,19,19,19,19
I,i,416.37,416.47,278,19,22,19,19,19,19
looked,looked,416.47,416.68,278,19,22,19,19,19,19
at,at,416.68,416.75,278,19,22,19,19,19,19
her,her,416.75,416.82,278,19,22,19,19,19,19
and,and,416.82,416.94,278,19,22,19,19,19,19
I,i,416.94,417.05,278,19,22,19,19,19,19
said,said,417.06,417.45,279,20,23,20,20,20,20
Yes,yes,419.7,420.14,280,20,23,20,20,20,20
Angela,angela,420.14,420.78,281,20,23,20,20,20,20
I,i,421.55,421.75,282,20,23,20,20,20,20
am,am,421.75,421.99,282,20,23,20,20,20,20
Pie,pie,422.0,422.26,282,21,24,21,21,21,21
Man,man,422.28,422.63,282,21,24,21,21,21,21
And,and,424.929999,425.049999,282,21,24,21,21,21,21
she,she,425.05,425.2,282,21,24,21,21,21,21
said,said,425.21,425.43,282,21,24,21,21,21,21
Oh,oh,425.429999,425.549999,282,21,24,21,21,21,21
good,good,425.55,425.88,282,21,24,21,21,21,21
Now,now,426.84,426.96,282,21,24,21,21,21,21
buy,buy,426.96,427.27,282,21,24,21,21,21,21
me,me,427.27,427.38,282,22,25,22,22,22,22
a,a,427.38,427.43,282,22,25,22,22,22,22
beer,beer,427.429999,427.919999,282,22,25,22,22,22,22
and,and,428.52,428.55,282,22,25,22,22,22,22
tell,tell,428.61,428.8,282,22,25,22,22,22,22
me,me,428.799999,428.939999,282,22,25,22,22,22,22
all,all,428.94,429.07,282,22,25,22,22,22,22
about,about,429.07,429.27,282,22,25,22,22,22,22
it,it,429.46,429.48,282,22,25,22,22,22,22
