word_raw,word_clean,start,end,start_lagged,TR,segment_idx_0,segment_idx_1,segment_idx_2,segment_idx_3,segment_idx_4,segment_idx_5
I,i,15.089999,15.169999,19.589999,14,0,0,0,0,0,0
began,began,15.17,15.51,19.67,14,0,0,0,0,0,0
my,my,15.509999,15.699999,20.009999,14,0,0,0,0,0,0
illustrious,<unk>,15.71,16.310000000000002,20.21,14,0,0,0,0,0,0
career,career,16.33,16.939999999999998,20.83,14,0,0,0,0,0,0
in,in,17.08,17.209999999999997,21.58,15,0,0,0,0,0,0
journalism,journalism,17.209999,17.929999,21.709999,15,0,0,0,0,0,0
in,in,18.469999,18.589999,22.969999,16,0,0,0,0,0,0
the,the,18.59,18.68,23.09,16,0,0,0,0,0,0
Bronx,bronx,18.68,19.24,23.18,16,0,0,0,0,0,0
where,where,19.24,19.39,23.74,16,0,0,0,0,0,0
I,i,19.39,19.5,23.89,16,0,0,0,0,0,0
toiled,<unk>,19.5,20.09,24.0,17,0,0,0,0,0,0
as,as,20.36,20.49,24.86,17,0,0,0,0,0,0
a,a,20.49,20.540000000000003,24.99,17,0,0,0,0,0,0
hard,hard,20.54,20.89,25.04,17,0,0,0,0,0,0
boiled,boiled,20.89,21.14,25.39,17,0,0,0,0,0,0
reporter,reporter,21.14,21.91,25.64,18,0,0,0,0,0,0
for,for,22.09,22.24,26.59,18,0,0,0,0,0,0
the,the,22.24,22.360000000000003,26.74,18,0,0,0,0,0,0
Ram,ram,22.36,22.77,26.86,18,0,0,0,0,0,0
the,the,23.93,24.1,28.43,19,0,0,0,0,0,0
student,student,24.1,24.62,28.6,20,0,0,0,0,0,0
newspaper,newspaper,24.63,25.27,29.13,20,0,0,0,0,0,0
at,at,25.27,25.39,29.77,20,0,0,0,0,0,0
Fordham,fordham,25.39,25.69,29.89,20,0,0,0,0,0,0
University,university,25.69,26.41,30.19,21,0,0,0,0,0,0
And,and,27.07,27.2,31.57,22,1,1,1,1,1,1
one,one,27.2,27.33,31.7,22,1,1,1,1,1,1
day,day,27.33,27.49,31.83,22,1,1,1,1,1,1
I’m,i'm,27.49,27.590000000000003,31.99,22,1,1,1,1,1,1
walking,walking,27.59,27.87,32.09,22,1,1,1,1,1,1
toward,toward,27.87,28.05,32.370000000000005,22,1,1,1,1,1,1
the,the,28.05,28.12,32.55,22,1,1,1,1,1,1
campus,campus,28.12,28.43,32.620000000000005,22,1,1,1,1,1,1
center,center,28.429999,28.769999,32.929998999999995,22,1,1,1,1,1,1
and,and,28.96,29.130000000000003,33.46,23,1,1,1,1,1,1
out,out,29.139999,29.329999,33.639999,23,1,1,1,1,1,1
comes,comes,29.33,29.55,33.83,23,1,1,1,1,1,1
the,the,29.58,29.69,34.08,23,1,1,1,1,1,1
elusive,elusive,29.69,30.38,34.19,23,1,1,1,1,1,1
Dean,dean,30.61,31.0,35.11,24,1,1,1,1,1,1
McGowan,<unk>,31.0,31.66,35.5,24,1,1,1,1,1,1
architect,architect,32.299999,32.819999,36.799999,25,1,1,1,1,1,1
of,of,32.82,32.910000000000004,37.32,25,1,1,1,1,1,1
a,a,32.91,33.0,37.41,25,1,1,1,1,1,1
policy,policy,33.009999,33.769999,37.509999,26,1,1,1,1,1,1
to,to,34.07,34.21,38.57,26,1,1,1,1,1,1
replace,replace,34.209999,34.729999,38.709999,26,1,1,1,1,1,1
Fordham’s,<unk>,34.730000000000004,35.190000000000005,39.230000000000004,27,1,1,1,1,1,1
traditionally,traditionally,35.199999,36.009999,39.699999,27,1,1,1,1,1,1
working,working,36.41,37.04,40.91,28,1,1,1,1,1,1
to,to,37.09,37.150000000000006,41.59,28,1,1,1,1,1,1
middle,middle,37.16,37.36,41.66,28,1,1,1,1,1,1
class,class,37.369999,37.669999,41.869999,28,1,1,1,1,1,1
students,students,37.67,38.28,42.17,29,1,1,1,1,1,1
with,with,38.74,39.120000000000005,43.24,29,1,1,1,1,1,1
wealthier,wealthier,39.23,39.85,43.73,30,1,1,1,1,1,1
more,more,39.85,40.04,44.35,30,1,1,1,1,1,1
prestigious,prestigious,40.04,40.68,44.54,30,1,1,1,1,1,1
ones,ones,40.68,41.26,45.18,31,1,1,1,1,1,1
So,so,42.21,42.38,46.71,32,1,1,1,1,1,1
I,i,42.38,42.46,46.88,32,1,1,1,1,1,1
whip,whip,42.46,42.65,46.96,32,1,1,1,1,1,1
out,out,42.65,42.76,47.15,32,1,1,1,1,1,1
my,my,42.76,42.88,47.26,32,1,1,1,1,1,1
notebook,notebook,42.88,43.2,47.38,32,1,1,1,1,1,1
and,and,43.2,43.3,47.7,32,1,1,1,1,1,1
I,i,43.3,43.37,47.8,32,1,1,1,1,1,1
go,go,43.37,43.5,47.87,32,1,1,1,1,1,1
up,up,43.5,43.61,48.0,33,1,1,1,1,1,1
to,to,43.61,43.72,48.11,33,1,1,1,1,1,1
him,him,43.72,43.82,48.22,33,1,1,1,1,1,1
and,and,43.82,43.93,48.32,33,1,1,1,1,1,1
I,i,43.93,44.01,48.43,33,1,1,1,1,1,1
say,say,44.01,44.18,48.51,33,1,1,1,1,1,1
Dean,dean,44.179999,44.539999,48.679999,33,1,1,1,1,1,1
McGowan,<unk>,44.54,44.97,49.04,33,1,1,1,1,1,1
is,is,45.42,45.57,49.92,34,1,1,1,1,1,1
it,it,45.57,45.7,50.07,34,1,1,1,1,1,1
true,true,45.719999,46.099999,50.219999,34,1,1,1,1,1,1
that,that,46.099999,46.249999,50.599999,34,1,1,1,1,1,1
Fordham,fordham,46.25,46.52,50.75,34,1,1,1,1,1,1
University,university,46.52,47.02,51.02,35,1,1,1,1,1,1
plans,plans,47.02,47.29,51.52,35,1,1,1,1,1,1
to,to,47.29,47.41,51.79,35,1,1,1,1,1,1
raise,raise,47.41,47.72,51.91,35,1,1,1,1,1,1
tuition,tuition,47.719999,48.129999,52.219999,35,1,1,1,1,1,1
substantially,substantially,48.13,48.86,52.63,36,1,1,1,1,1,1
above,above,48.86,49.06,53.36,36,1,1,1,1,1,1
the,the,49.07,49.17,53.57,36,1,1,1,1,1,1
inflation,inflation,49.17,49.67,53.67,36,1,1,1,1,1,1
rate,rate,49.67,49.9,54.17,37,1,1,1,1,1,1
and,and,50.059999,50.199999,54.559999,37,1,1,1,1,1,1
if,if,50.2,50.34,54.7,37,1,1,1,1,1,1
so,so,50.34,50.92,54.84,37,1,1,1,1,1,1
wouldn’t,wouldn't,51.16,51.41,55.66,38,1,1,1,1,1,1
that,that,51.41,51.54,55.91,38,1,1,1,1,1,1
be,be,51.54,51.64,56.04,38,1,1,1,1,1,1
a,a,51.639999,51.689999,56.139999,38,1,1,1,1,1,1
betrayal,betrayal,51.69,52.23,56.19,38,1,1,1,1,1,1
of,of,52.23,52.31,56.73,38,1,1,1,1,1,1
its,its,52.309999000000005,52.449999000000005,56.809999000000005,38,1,1,1,1,1,1
mission,mission,52.459999,52.979999,56.959999,38,1,1,1,1,1,1
And,and,54.719999,54.839999,59.219999,40,2,2,2,2,2,2
he,he,54.84,54.95,59.34,40,2,2,2,2,2,2
stops,stops,54.95,55.510000000000005,59.45,40,2,2,2,2,2,2
and,and,55.52,55.63,60.02,41,2,2,2,2,2,2
looks,looks,55.63,55.8,60.13,41,2,2,2,2,2,2
at,at,55.8,55.92,60.3,41,2,2,2,2,2,2
me,me,55.92,56.56,60.42,41,2,2,2,2,2,2
and,and,57.1,57.22,61.6,42,2,2,2,2,2,2
he,he,57.22,57.32,61.72,42,2,2,2,2,2,2
says,says,57.32,57.9,61.82,42,2,2,2,2,2,2
Listen,listen,58.66,58.91,63.16,43,2,2,2,2,2,2
up,up,58.91,59.05,63.41,43,2,2,2,2,2,2
punk,punk,59.06,59.6,63.56,43,2,2,2,2,2,2
And,and,59.82,60.0,64.32,43,2,3,2,2,2,2
right,right,60.0,60.26,64.5,44,2,3,2,2,2,2
then,then,60.26,60.54,64.75999999999999,44,2,3,2,2,2,2
there’s,there's,60.55,60.78,65.05,44,2,3,2,2,2,2
a,a,60.78,60.88,65.28,44,2,3,2,2,2,2
blur,blur,60.9,61.58,65.4,44,2,3,2,2,2,2
in,in,61.82,61.93,66.32,45,2,3,2,2,2,2
the,the,61.93,62.03,66.43,45,2,3,2,2,2,2
corner,corner,62.03,62.26,66.53,45,2,3,2,2,2,2
of,of,62.26,62.33,66.75999999999999,45,2,3,2,2,2,2
my,my,62.33,62.5,66.83,45,2,3,2,2,2,2
eye,eye,62.5,62.63,67.0,45,2,3,2,2,2,2
which,which,62.63,62.8,67.13,45,2,3,2,2,2,2
becomes,becomes,62.8,63.23,67.3,45,2,3,2,2,2,2
this,this,63.24,63.52,67.74000000000001,46,2,3,2,2,2,2
figure,figure,63.53,64.29,68.03,46,2,3,2,2,2,2
holding,holding,64.559999,64.98999900000001,69.059999,47,2,3,2,2,2,2
a,a,64.99,65.03999999999999,69.49,47,2,3,2,2,2,2
cream,cream,65.03999999999999,65.35999999999999,69.53999999999999,47,2,3,2,2,2,2
pie,pie,65.36,65.69,69.86,47,2,3,2,2,2,2
which,which,65.7,65.9,70.2,47,2,3,2,2,2,2
becomes,becomes,65.91,66.28,70.41,47,2,3,2,2,2,2
the,the,66.309999,66.42999900000001,70.809999,48,2,3,2,2,2,2
guy,guy,66.429999,67.079999,70.929999,48,2,3,2,2,2,2
standing,standing,67.299999,67.879999,71.799999,48,2,3,2,2,2,2
next,next,67.88,68.14,72.38,49,2,3,2,2,2,2
to,to,68.15,68.27000000000001,72.65,49,2,3,2,2,2,2
me,me,68.27,68.64,72.77,49,2,3,2,2,2,2
mashing,<unk>,69.03999999999999,69.66,73.53999999999999,50,2,3,2,2,2,2
a,a,69.67,69.74,74.17,50,2,3,2,2,2,2
cream,cream,69.74,70.11,74.24,50,2,3,2,2,2,2
pie,pie,70.109999,70.529999,74.609999,50,2,3,2,2,2,2
into,into,70.559999,70.75999900000001,75.059999,51,2,3,2,2,2,2
Dean,dean,70.76,71.03,75.26,51,2,3,2,2,2,2
McGowan’s,<unk>,71.029999,71.469999,75.529999,51,2,3,2,2,2,2
face,face,71.48,72.14,75.98,51,2,3,2,2,2,2
And,and,73.6,73.76,78.1,53,2,3,2,2,2,2
then,then,73.93,74.28,78.43,53,2,3,2,2,2,2
runs,runs,74.28,74.5,78.78,53,2,3,2,2,2,2
away,away,74.5,74.91,79.0,53,2,3,2,2,2,2
And,and,77.48,77.66000000000001,81.98,55,2,3,2,2,2,2
the,the,77.66,77.74,82.16,55,2,4,2,2,2,2
Dean,dean,77.74,78.08,82.24,55,2,4,2,2,2,2
is,is,78.86,79.2,83.36,56,2,4,2,2,2,2
covered,covered,79.2,79.53,83.7,56,2,4,2,2,2,2
with,with,79.53,79.68,84.03,57,2,4,2,2,2,2
cream,cream,79.68,80.09,84.18,57,2,4,2,2,2,2
So,so,82.3,82.49,86.8,58,2,4,2,2,2,2
I,i,82.49,82.55999999999999,86.99,58,3,4,3,3,3,3
give,give,82.559999,82.70999900000001,87.059999,59,3,4,3,3,3,3
him,him,82.71000000000001,82.81,87.21000000000001,59,3,4,3,3,3,3
a,a,82.809999,82.869999,87.309999,59,3,4,3,3,3,3
moment,moment,82.87,83.42,87.37,59,3,4,3,3,3,3
and,and,85.63,85.72999999999999,90.13,61,3,4,3,3,3,3
then,then,85.73,85.8,90.23,61,3,4,3,3,3,3
I,i,85.799999,85.859999,90.299999,61,3,4,3,3,3,3
say,say,85.86,86.01,90.36,61,3,4,3,3,3,3
Dean,dean,86.009999,86.269999,90.509999,61,3,4,3,3,3,3
McGowan,<unk>,86.27,86.7,90.77,61,3,4,3,3,3,3
would,would,86.85000000000001,86.88000000000001,91.35000000000001,61,3,4,3,3,3,3
you,you,86.88000000000001,86.92,91.38000000000001,61,3,4,3,3,3,3
care,care,86.92,87.11,91.42,61,3,4,3,3,3,3
to,to,87.11,87.2,91.61,62,3,4,3,3,3,3
comment,comment,87.2,87.47,91.7,62,3,4,3,3,3,3
on,on,87.7,87.79,92.2,62,3,4,3,3,3,3
this,this,87.78999999999999,87.94999999999999,92.28999999999999,62,3,4,3,3,3,3
latest,latest,87.95,88.24000000000001,92.45,62,3,4,3,3,3,3
attack,attack,88.24,88.61,92.74,62,3,4,3,3,3,3
And,and,88.61,88.64,93.11,63,3,4,3,3,3,3
the,the,91.98,92.04,96.48,65,3,4,3,3,3,3
Dean,dean,92.04,92.25,96.54,65,3,4,3,3,3,3
says,says,92.25,92.48,96.75,65,3,4,3,3,3,3
Yes,yes,92.48,93.16,96.98,65,3,4,3,3,3,3
I,i,93.57,93.66,98.07,66,3,4,3,3,3,3
would,would,93.66,93.8,98.16,66,3,4,3,3,3,3
care,care,93.8,93.96,98.3,66,3,4,3,3,3,3
to,to,93.96,94.05,98.46,66,3,4,3,3,3,3
comment,comment,94.05,94.53,98.55,66,3,4,3,3,3,3
Fuck,fuck,95.15,95.68,99.65,67,3,4,3,3,3,3
you,you,95.73,96.13,100.23,67,3,4,3,3,3,3
So,so,98.13,98.38,102.63,69,3,4,3,3,3,3
I,i,98.38,98.48,102.88,69,4,5,4,4,4,4
race,race,98.48,98.77,102.98,69,4,5,4,4,4,4
back,back,98.77,98.94,103.27,69,4,5,4,4,4,4
to,to,98.94,99.04,103.44,69,4,5,4,4,4,4
the,the,99.04,99.14,103.54,70,4,5,4,4,4,4
newsroom,newsroom,99.139999,99.569999,103.639999,70,4,5,4,4,4,4
with,with,99.57,99.74,104.07,70,4,5,4,4,4,4
my,my,99.74,99.89,104.24,70,4,5,4,4,4,4
scoop,scoop,99.9,100.47,104.4,70,4,5,4,4,4,4
and,and,101.32,101.45,105.82,71,4,5,4,4,4,4
I,i,101.45,101.52,105.95,71,4,5,4,4,4,4
find,find,101.52,101.72,106.02,71,4,5,4,4,4,4
the,the,101.719999,101.839999,106.219999,71,4,5,4,4,4,4
editor,editor,101.84,102.33,106.34,71,4,5,4,4,4,4
Jim,jim,102.55,102.82,107.05,72,4,5,4,4,4,4
Dwyer,<unk>,102.82,103.15,107.32,72,4,5,4,4,4,4
who’s,who's,103.16,103.32,107.66,72,4,5,4,4,4,4
a,a,103.32,103.4,107.82,72,4,5,4,4,4,4
senior,senior,103.4,103.93,107.9,72,4,5,4,4,4,4
and,and,104.45,104.65,108.95,73,4,5,4,4,4,4
he,he,104.65,104.77,109.15,73,4,5,4,4,4,4
will,will,104.77,104.91,109.27,73,4,5,4,4,4,4
go,go,104.91,105.06,109.41,73,4,5,4,4,4,4
on,on,105.059999,105.239999,109.559999,74,4,5,4,4,4,4
to,to,105.24,105.36,109.74,74,4,5,4,4,4,4
win,win,105.36,105.48,109.86,74,4,5,4,4,4,4
a,a,105.48,105.53,109.98,74,4,5,4,4,4,4
Pulitzer,pulitzer,105.53,105.82,110.03,74,4,5,4,4,4,4
Prize,prize,105.82,106.24,110.32,74,4,5,4,4,4,4
that,that,106.25,106.44,110.75,74,4,5,4,4,4,4
is,is,106.440001,106.590001,110.940001,74,4,5,4,4,4,4
true,true,106.59,106.93,111.09,75,4,5,4,4,4,4
and,and,108.119999,108.249999,112.619999,76,4,5,4,4,4,4
he’s,he's,108.25,108.36,112.75,76,4,5,4,4,4,4
a,a,108.359999,108.429999,112.859999,76,4,5,4,4,4,4
big,big,108.46,108.76,112.96,76,4,5,4,4,4,4
guy,guy,108.77,109.18,113.27,76,4,5,4,4,4,4
I,i,109.21,109.33,113.71,76,4,5,4,4,4,4
pitch,pitch,109.369999,109.559999,113.869999,76,4,5,4,4,4,4
him,him,109.55,109.65,114.05,77,4,5,4,4,4,4
my,my,109.65,109.79,114.15,77,4,5,4,4,4,4
story,story,109.79,110.15,114.29,77,4,5,4,4,4,4
I,i,110.15,110.22,114.65,77,4,5,4,4,4,4
tell,tell,110.22,110.44,114.72,77,4,5,4,4,4,4
him,him,110.44,110.54,114.94,77,4,5,4,4,4,4
what,what,110.54,110.68,115.04,77,4,5,4,4,4,4
I’ve,i've,110.68,110.81,115.18,77,4,5,4,4,4,4
seen,seen,110.81,111.3,115.31,77,4,5,4,4,4,4
and,and,111.83,111.99,116.33,78,4,5,4,4,4,4
he,he,111.99,112.11,116.49,78,4,5,4,4,4,4
says,says,112.12,112.5,116.62,78,4,5,4,4,4,4
Dean,dean,113.36,113.58,117.86,79,4,5,4,4,4,4
McGowan,<unk>,113.58,114.15,118.08,79,4,5,4,4,4,4
that,that,115.14,115.27,119.64,80,4,5,4,4,4,4
guy’s,guy's,115.27,115.45,119.77,80,4,5,4,4,4,4
a,a,115.45,115.53,119.95,80,4,5,4,4,4,4
dick,dick,115.6,115.96,120.1,81,4,5,4,4,4,4
Write,write,116.05,116.3,120.55,81,4,5,4,4,4,4
it,it,116.3,116.42,120.8,81,4,5,4,4,4,4
up,up,116.42,116.75,120.92,81,4,5,4,4,4,4
So,so,118.04,118.21,122.54,82,4,5,4,4,4,4
I’m,i'm,118.21,118.34,122.71,82,4,5,4,4,4,4
banging,banging,118.349999,118.659999,122.849999,82,4,5,4,4,4,4
out,out,118.66,118.76,123.16,83,5,6,5,5,5,5
my,my,118.76,118.87,123.26,83,5,6,5,5,5,5
story,story,118.87,119.22,123.37,83,5,6,5,5,5,5
and,and,119.219999,119.319999,123.719999,83,5,6,5,5,5,5
I,i,119.32,119.39,123.82,83,5,6,5,5,5,5
know,know,119.389999,119.649999,123.889999,83,5,6,5,5,5,5
it’s,it's,119.65,119.84,124.15,83,5,6,5,5,5,5
good,good,119.84,120.15,124.34,83,5,6,5,5,5,5
and,and,120.55,120.68,125.05,84,5,6,5,5,5,5
then,then,120.679999,120.789999,125.179999,84,5,6,5,5,5,5
I,i,120.79,120.86,125.29,84,5,6,5,5,5,5
start,start,120.87,121.32,125.37,84,5,6,5,5,5,5
to,to,121.4,121.52,125.9,84,5,6,5,5,5,5
make,make,121.52,121.79,126.02,85,5,6,5,5,5,5
it,it,121.79,121.96,126.29,85,5,6,5,5,5,5
better,better,122.839999,123.289999,127.339999,85,5,6,5,5,5,5
by,by,126.109999,126.279999,130.60999900000002,88,5,6,5,5,5,5
adding,adding,126.31,126.55,130.81,88,5,6,5,5,5,5
an,an,126.55,126.67,131.05,88,5,6,5,5,5,5
element,element,126.68,127.28,131.18,88,5,6,5,5,5,5
of,of,127.4,127.55,131.9,88,5,6,5,5,5,5
embellishment,embellishment,127.55,128.09,132.05,89,5,6,5,5,5,5
Reporters,reporters,129.24,129.84,133.74,90,5,6,5,5,5,5
call,call,129.84,130.16,134.34,90,5,6,5,5,5,5
this,this,130.16,130.77,134.66,90,5,6,5,5,5,5
making,making,131.27,131.78,135.77,91,5,6,5,5,5,5
shit,shit,131.78,132.11,136.28,91,5,6,5,5,5,5
up,up,132.11,132.47000000000003,136.61,92,5,6,5,5,5,5
And,and,135.5,135.69,140.0,94,5,6,5,5,5,5
they,they,135.69,135.81,140.19,94,5,6,5,5,5,5
recommend,recommend,135.809999,136.57999900000002,140.309999,94,5,6,5,5,5,5
against,against,136.67,137.33999999999995,141.17,95,5,6,5,5,5,5
crossing,crossing,137.34,137.77,141.84,95,5,6,5,5,5,5
that,that,137.77,137.96,142.27,95,5,6,5,5,5,5
line,line,137.96,138.35,142.46,95,5,6,5,5,5,5
But,but,139.95,140.22,144.45,97,5,6,5,5,5,5
I,i,140.219999,140.319999,144.719999,97,5,6,5,5,5,5
had,had,140.33,140.51000000000002,144.83,97,5,6,5,5,5,5
just,just,140.509999,140.669999,145.009999,97,5,6,5,5,5,5
seen,seen,140.67,141.13,145.17,97,5,6,5,5,5,5
the,the,141.45,141.64,145.95,98,5,6,5,5,5,5
line,line,141.639999,142.049999,146.139999,98,5,6,5,5,5,5
crossed,crossed,142.09,142.62,146.59,98,5,6,5,5,5,5
between,between,142.639999,143.069999,147.139999,99,5,6,5,5,5,5
a,a,143.119999,143.189999,147.619999,99,5,6,5,5,5,5
high,high,143.190001,143.39000099999998,147.690001,99,5,6,5,5,5,5
powered,powered,143.389999,143.699999,147.889999,99,5,6,5,5,5,5
dean,dean,143.709999,144.189999,148.209999,99,5,6,5,5,5,5
and,and,144.57,144.70999999999998,149.07,100,5,6,5,5,5,5
assault,assault,144.72,145.03,149.22,100,5,6,5,5,5,5
with,with,145.03,145.15,149.53,100,5,6,5,5,5,5
a,a,145.15,145.19,149.65,100,5,6,5,5,5,5
pastry,pastry,145.19,145.84,149.69,100,5,6,5,5,5,5
and,and,146.85,146.98,151.35,101,5,6,5,5,5,5
I,i,146.98,147.06,151.48,101,5,6,5,5,5,5
kind,kind,147.06,147.26,151.56,102,5,6,5,5,5,5
of,of,147.26,147.39,151.76,102,5,6,5,5,5,5
liked,liked,147.39,147.64999999999998,151.89,102,5,6,5,5,5,5
it,it,147.65,147.86,152.15,102,5,6,5,5,5,5
So,so,148.77,148.91,153.27,103,5,6,5,5,5,5
the,the,148.91,149.02,153.41,103,5,6,5,5,5,5
first,first,149.02,149.22,153.52,103,5,6,5,5,5,5
I,i,149.39,149.44,153.89,103,5,7,5,5,5,5
did,did,149.44,149.93,153.94,103,5,7,5,5,5,5
was,was,150.36,150.51000000000002,154.86,104,5,7,5,5,5,5
I,i,150.51,150.57,155.01,104,5,7,5,5,5,5
gave,gave,150.57,150.79,155.07,104,5,7,5,5,5,5
the,the,150.79,150.86,155.29,104,5,7,5,5,5,5
figure,figure,150.86,151.21,155.36,104,5,7,5,5,5,5
a,a,151.21,151.29000000000002,155.71,104,5,7,5,5,5,5
name,name,151.29,151.87,155.79,104,5,7,5,5,5,5
I,i,152.139999,152.219999,156.639999,105,5,7,5,5,5,5
called,called,152.22,152.42,156.72,105,5,7,5,5,5,5
him,him,152.42,152.51999999999998,156.92,105,5,7,5,5,5,5
Pie,pie,152.52,152.82000000000002,157.02,105,5,7,5,5,5,5
Man,man,152.849999,153.159999,157.349999,105,5,7,5,5,5,5
capital,capital,153.16,153.49,157.66,106,5,7,5,5,5,5
P,p,153.5,153.92,158.0,106,5,7,5,5,5,5
capital,capital,153.99,154.37,158.49,106,5,7,5,5,5,5
M,m,154.389999,154.819999,158.889999,106,5,7,5,5,5,5
And,and,155.509999,155.659999,160.009999,107,5,7,5,5,5,5
I,i,155.66,155.72,160.16,107,5,7,5,5,5,5
described,described,155.719999,156.169999,160.219999,107,5,7,5,5,5,5
him,him,156.17,156.28,160.67,108,5,7,5,5,5,5
as,as,156.28,156.39,160.78,108,5,7,5,5,5,5
a,a,156.389999,156.479999,160.889999,108,5,7,5,5,5,5
cape,cape,156.48,156.79,160.98,108,5,7,5,5,5,5
wearing,wearing,156.799999,157.209999,161.299999,108,5,7,5,5,5,5
masked,masked,157.21,157.73000000000002,161.71,108,5,7,5,5,5,5
avenger,<unk>,157.78,158.38,162.28,109,5,7,5,5,5,5
Though,though,159.889999,159.98999899999998,164.389999,110,5,7,5,5,5,5
in,in,159.99,160.10000000000002,164.49,110,5,7,5,5,5,5
fact,fact,160.1,160.36,164.6,110,5,7,5,5,5,5
he’d,he'd,160.359999,160.479999,164.859999,110,5,7,5,5,5,5
been,been,160.48,160.63,164.98,110,5,7,5,5,5,5
capeless,<unk>,160.629999,161.149999,165.129999,111,5,7,5,5,5,5
And,and,162.00999900000002,162.039999,166.50999900000002,112,5,7,5,5,5,5
said,said,162.209999,162.369999,166.709999,112,5,7,5,5,5,5
that,that,162.369999,162.44999900000002,166.869999,112,5,7,5,5,5,5
as,as,162.45,162.57999999999998,166.95,112,5,7,5,5,5,5
he,he,162.58,162.68,167.08,112,5,7,5,5,5,5
fled,fled,162.68,162.96,167.18,112,5,7,5,5,5,5
the,the,162.96,163.05,167.46,112,5,7,5,5,5,5
scene,scene,163.05,163.57000000000002,167.55,112,5,7,5,5,5,5
he,he,163.92,164.17,168.42,113,5,7,5,5,5,5
clicked,clicked,164.17,164.51999999999998,168.67,113,5,7,5,5,5,5
his,his,164.52,164.70000000000002,169.02,113,5,7,5,5,5,5
heels,heels,164.71,165.17000000000002,169.21,113,5,7,5,5,5,5
in,in,165.17,165.29999999999998,169.67,114,5,7,5,5,5,5
rakish,<unk>,165.3,165.67000000000002,169.8,114,5,7,5,5,5,5
glee,glee,165.7,166.08999999999995,170.2,114,5,7,5,5,5,5
And,and,169.17,169.30999999999997,173.67,116,5,7,5,5,5,5
I,i,169.31,169.37,173.81,116,5,7,5,5,5,5
gave,gave,169.38,169.57999999999998,173.88,116,5,7,5,5,5,5
him,him,169.58,169.70000000000002,174.08,117,5,7,5,5,5,5
a,a,169.7,169.76999999999998,174.2,117,5,7,5,5,5,5
catchphrase,<unk>,169.77,170.44,174.27,117,5,7,5,5,5,5
in,in,171.639999,171.849999,176.139999,118,5,7,5,5,5,5
Latin,latin,171.849999,172.289999,176.349999,118,5,7,5,5,5,5
I,i,175.67,175.78,180.17,121,5,7,5,5,5,5
said,said,175.78,175.98,180.28,121,5,7,5,5,5,5
that,that,175.98,176.07,180.48,121,5,7,5,5,5,5
he,he,176.07,176.14,180.57,121,5,7,5,5,5,5
cried,cried,176.139999,176.52999899999998,180.639999,121,5,7,5,5,5,5
out,out,176.53,176.83,181.03,121,5,7,5,5,5,5
Ego,ego,177.95000000000002,177.98000000000002,182.45000000000002,122,5,7,5,5,5,5
sum,sum,177.98000000000002,178.24,182.48000000000002,122,5,7,5,5,5,5
non,non,178.56,179.08,183.06,123,5,7,5,5,5,5
an,an,179.09,179.13000000000002,183.59,123,5,7,5,5,5,5
bestia,<unk>,179.690001,180.340001,184.190001,123,5,7,5,5,5,5
which,which,181.73,181.94,186.23,125,5,7,5,5,5,5
means,means,181.94,182.21,186.44,125,5,7,5,5,5,5
I,i,182.25,182.85,186.75,125,5,7,5,5,5,5
am,am,182.97,183.21,187.47,125,5,7,5,5,5,5
not,not,183.21,183.57,187.71,126,5,7,5,5,5,5
an,an,183.77,184.0,188.27,126,5,7,5,5,5,5
animal,animal,184.02,184.95,188.52,126,5,7,5,5,5,5
Which,which,186.11,186.4,190.61,128,5,7,5,5,5,5
makes,makes,186.4,186.86,190.9,128,5,7,5,5,5,5
no,no,186.94,187.36,191.44,128,5,7,5,5,5,5
sense,sense,187.36,187.83,191.86,128,5,7,5,5,5,5
I,i,189.84,189.97,194.34,130,5,7,5,5,5,5
needed,needed,189.969999,190.299999,194.469999,130,5,7,5,5,5,5
something,something,190.3,190.88,194.8,130,5,7,5,5,5,5
I’m,i'm,191.52,191.73,196.02,131,5,7,5,5,5,5
Catholic,catholic,191.73,192.28,196.23,131,5,7,5,5,5,5
Latin,latin,192.29,192.66,196.79,132,5,7,5,5,5,5
just,just,192.66,192.85,197.16,132,5,7,5,5,5,5
comes,comes,192.849999,193.129999,197.349999,132,5,7,5,5,5,5
to,to,193.13,193.2,197.63,132,5,7,5,5,5,5
me,me,193.2,193.55,197.7,132,5,7,5,5,5,5
So,so,195.45,195.58,199.95,134,5,7,5,5,5,5
I,i,195.58,195.65,200.08,134,5,7,5,5,5,5
finish,finish,195.65,195.92,200.15,134,5,7,5,5,5,5
my,my,195.94,196.05,200.44,134,5,7,5,5,5,5
story,story,196.049999,196.449999,200.549999,134,5,7,5,5,5,5
and,and,196.609999,196.719999,201.109999,135,6,8,6,6,6,6
I,i,196.719999,196.769999,201.219999,135,6,8,6,6,6,6
hand,hand,196.77,196.93,201.27,135,6,8,6,6,6,6
it,it,196.93,196.95,201.43,135,6,8,6,6,6,6
Dwyer,<unk>,196.949999,197.609999,201.449999,135,6,8,6,6,6,6
and,and,197.719999,197.839999,202.219999,135,6,8,6,6,6,6
he,he,197.84,197.92,202.34,135,6,8,6,6,6,6
reads,reads,197.92,198.17,202.42,135,6,8,6,6,6,6
and,and,198.17,198.3,202.67,136,6,8,6,6,6,6
he,he,198.299999,198.449999,202.799999,136,6,8,6,6,6,6
says,says,198.45,198.78,202.95,136,6,8,6,6,6,6
Pie,pie,199.41,199.67,203.91,136,6,8,6,6,6,6
Man,man,199.71,200.17,204.21,137,6,8,6,6,6,6
I,i,201.08,201.19000000000003,205.58,138,6,8,6,6,6,6
love,love,201.2,201.5,205.7,138,6,8,6,6,6,6
it,it,201.5,201.62,206.0,138,6,8,6,6,6,6
Page,page,201.77,202.06,206.27,138,6,8,6,6,6,6
one,one,202.06,202.41,206.56,138,6,8,6,6,6,6
And,and,204.54,204.78,209.04,140,6,8,6,6,6,6
that’s,that's,204.78,205.34,209.28,140,6,8,6,6,6,6
how,how,205.39,205.61,209.89,140,6,8,6,6,6,6
the,the,205.61,205.73,210.11,141,6,8,6,6,6,6
first,first,205.73,206.13,210.23,141,6,8,6,6,6,6
line,line,206.13,206.64,210.63,141,6,8,6,6,6,6
got,got,206.88,207.14,211.38,141,6,8,6,6,6,6
crossed,crossed,207.139999,207.769999,211.639999,142,6,8,6,6,6,6
A,a,209.5,209.55,214.0,143,6,8,6,6,6,6
few,few,209.55,209.75,214.05,143,6,8,6,6,6,6
days,days,209.75,209.96,214.25,143,6,8,6,6,6,6
later,later,209.96,210.21,214.46,143,6,8,6,6,6,6
I,i,210.21,210.26,214.71,144,6,8,6,6,6,6
get,get,210.259999,210.379999,214.759999,144,7,9,7,7,7,7
a,a,210.38,210.43,214.88,144,7,9,7,7,7,7
letter,letter,210.429999,210.969999,214.929999,144,7,9,7,7,7,7
It,it,212.02,212.18,216.52,145,7,9,7,7,7,7
says,says,212.179999,212.429999,216.679999,145,7,9,7,7,7,7
Dear,dear,212.429999,212.629999,216.929999,145,7,9,7,7,7,7
Jim,jim,212.67,213.06,217.17,145,7,9,7,7,7,7
good,good,213.49,213.67,217.99,146,7,9,7,7,7,7
story,story,213.67,214.19,218.17,146,7,9,7,7,7,7
Nice,nice,214.25,214.62,218.75,146,7,9,7,7,7,7
details,details,214.67,215.56,219.17,147,7,9,7,7,7,7
If,if,216.309999,216.469999,220.809999,148,7,9,7,7,7,7
you,you,216.47,216.58,220.97,148,7,9,7,7,7,7
want,want,216.58,216.75,221.08,148,7,9,7,7,7,7
to,to,216.75,216.82,221.25,148,7,9,7,7,7,7
see,see,216.84,217.11,221.34,148,7,9,7,7,7,7
me,me,217.11,217.36,221.61,148,7,9,7,7,7,7
again,again,217.36,217.94000000000003,221.86,148,7,9,7,7,7,7
in,in,218.0,218.21,222.5,149,7,9,7,7,7,7
action,action,218.21,218.82,222.71,149,7,9,7,7,7,7
be,be,219.58,219.75,224.08,150,7,9,7,7,7,7
on,on,219.75,219.84,224.25,150,7,9,7,7,7,7
the,the,219.84,219.92,224.34,150,7,9,7,7,7,7
steps,steps,219.93,220.25,224.43,150,7,9,7,7,7,7
of,of,220.25,220.4,224.75,150,7,9,7,7,7,7
Duane,duane,220.4,220.75,224.9,150,7,9,7,7,7,7
Library,library,220.75,221.31,225.25,151,7,9,7,7,7,7
Tuesday,tuesday,221.33,221.96,225.83,151,7,9,7,7,7,7
at,at,222.01,222.18,226.51,152,7,9,7,7,7,7
3,<unk>,222.18,222.46,226.68,152,7,9,7,7,7,7
o’clock,o'clock,222.46,222.97,226.96,152,7,9,7,7,7,7
signed,signed,224.15,225.0,228.65,153,7,9,7,7,7,7
Pie,pie,225.4,225.7,229.9,154,7,9,7,7,7,7
Man,man,225.7,226.07,230.2,154,7,9,7,7,7,7
So,so,229.13,229.35,233.63,156,7,9,7,7,7,7
I,i,229.349999,229.439999,233.849999,156,7,9,7,7,7,7
was,was,229.44,229.66,233.94,156,7,9,7,7,7,7
there,there,229.66,230.53,234.16,157,7,9,7,7,7,7
with,with,230.94,231.1,235.44,157,7,9,7,7,7,7
a,a,231.099999,231.159999,235.599999,158,8,10,8,8,8,8
photographer,photographer,231.16,231.8,235.66,158,8,10,8,8,8,8
from,from,231.799999,231.969999,236.299999,158,8,10,8,8,8,8
the,the,231.969999,232.019999,236.469999,158,8,10,8,8,8,8
Ram,ram,232.02,232.1,236.52,158,8,10,8,8,8,8
And,and,233.279999,233.359999,237.779999,159,8,10,8,8,8,8
sure,sure,233.359999,233.539999,237.859999,159,8,10,8,8,8,8
enough,enough,233.539999,233.889999,238.039999,159,8,10,8,8,8,8
out,out,234.27,234.47,238.77,160,8,10,8,8,8,8
comes,comes,234.469999,234.679999,238.969999,160,8,10,8,8,8,8
Sheila,sheila,234.690001,235.190001,239.190001,160,8,10,8,8,8,8
student,student,235.88,236.33,240.38,161,8,10,8,8,8,8
body,body,236.33,236.61,240.83,161,8,10,8,8,8,8
president,president,236.62,237.29,241.12,161,8,10,8,8,8,8
And,and,238.13,238.26,242.63,162,8,10,8,8,8,8
now,now,238.26,238.33,242.76,162,8,10,8,8,8,8
Sheila,sheila,238.33,238.64,242.83,162,8,10,8,8,8,8
was,was,238.65,238.88,243.15,163,8,10,8,8,8,8
different,different,238.88,239.24,243.38,163,8,10,8,8,8,8
from,from,239.24,239.46,243.74,163,8,10,8,8,8,8
me,me,239.46,239.94,243.96,163,8,10,8,8,8,8
and,and,240.39,240.62,244.89,164,8,10,8,8,8,8
all,all,240.62,240.84,245.12,164,8,10,8,8,8,8
the,the,240.85,240.95,245.35,164,8,10,8,8,8,8
other,other,240.95,241.12,245.45,164,8,10,8,8,8,8
Fordham,fordham,241.12,241.5,245.62,164,8,10,8,8,8,8
students,students,241.5,241.85,246.0,165,8,10,8,8,8,8
who,who,241.85,241.95,246.35,165,8,10,8,8,8,8
wore,wore,241.95,242.17,246.45,165,8,10,8,8,8,8
flannel,flannel,242.17,242.6,246.67,165,8,10,8,8,8,8
shirts,shirts,242.599999,242.939999,247.099999,165,8,10,8,8,8,8
and,and,242.94,243.08,247.44,165,8,10,8,8,8,8
worked,worked,243.08,243.29,247.58,166,8,10,8,8,8,8
part,part,243.29,243.53,247.79,166,8,10,8,8,8,8
time,time,243.53,243.77,248.03,166,8,10,8,8,8,8
jobs,jobs,243.77,244.21,248.27,166,8,10,8,8,8,8
Sheila,sheila,244.96,245.36,249.46,167,8,10,8,8,8,8
was,was,245.41,245.98,249.91,167,8,10,8,8,8,8
well,well,246.16,246.53,250.66,168,8,10,8,8,8,8
bred,bred,246.54,247.1,251.04,168,8,10,8,8,8,8
Sheila,sheila,247.45,247.83,251.95,168,8,10,8,8,8,8
had,had,247.84,248.34,252.34,169,8,10,8,8,8,8
school,school,248.549999,249.079999,253.049999,169,8,10,8,8,8,8
spirit,spirit,249.089999,249.649999,253.589999,170,8,10,8,8,8,8
Sheila,sheila,251.75,252.09,256.25,171,8,10,8,8,8,8
was,was,252.1,252.25,256.6,172,8,10,8,8,8,8
the,the,252.25,252.34,256.75,172,8,10,8,8,8,8
kind,kind,252.34,252.52,256.84000000000003,172,8,10,8,8,8,8
of,of,252.52,252.63,257.02,172,8,10,8,8,8,8
student,student,252.63,252.92,257.13,172,8,10,8,8,8,8
that,that,252.889999,253.029999,257.389999,172,8,10,8,8,8,8
Dean,dean,253.03,253.24,257.53,172,8,10,8,8,8,8
McGown,<unk>,253.24,253.63,257.74,172,8,10,8,8,8,8
wanted,wanted,253.63,253.92,258.13,173,8,10,8,8,8,8
more,more,253.92,254.21,258.41999999999996,173,8,10,8,8,8,8
of,of,254.21,254.64,258.71000000000004,173,8,10,8,8,8,8
Although,although,255.86,256.19,260.36,174,8,10,8,8,8,8
rumor,rumor,256.19,256.58,260.69,174,8,10,8,8,8,8
had,had,256.58,256.89,261.08,175,8,10,8,8,8,8
it,it,256.89,257.06,261.39,175,8,10,8,8,8,8
that,that,257.11,257.29,261.61,175,8,10,8,8,8,8
he,he,257.29,257.42,261.79,175,8,10,8,8,8,8
got,got,257.42,257.57,261.92,175,8,10,8,8,8,8
plenty,plenty,257.58,257.89,262.08,175,8,10,8,8,8,8
of,of,257.89,258.04,262.39,175,8,10,8,8,8,8
her,her,258.04,258.39000000000004,262.54,176,8,10,8,8,8,8
in,in,258.44,258.59,262.94,176,8,10,8,8,8,8
his,his,258.59,258.73999999999995,263.09,176,8,10,8,8,8,8
office,office,258.74,259.36,263.24,176,8,10,8,8,8,8
on,on,259.44,259.64,263.94,176,8,10,8,8,8,8
his,his,259.64,259.76,264.14,177,8,10,8,8,8,8
desk,desk,259.76,260.08,264.26,177,8,10,8,8,8,8
But,but,262.25,262.39,266.75,178,8,10,8,8,8,8
that’s,that's,262.389999,262.559999,266.889999,178,8,10,8,8,8,8
just,just,262.559999,262.759999,267.059999,179,8,10,8,8,8,8
a,a,262.76,262.82,267.26,179,8,10,8,8,8,8
rumor,rumor,262.82,263.07,267.32,179,8,10,8,8,8,8
please,please,263.07,263.32,267.57,179,8,10,8,8,8,8
do,do,263.32,263.46,267.82,179,8,10,8,8,8,8
not,not,263.46,263.66,267.96,179,8,10,8,8,8,8
spread,spread,263.66,263.93,268.16,179,8,10,8,8,8,8
it,it,263.929999,264.08999900000003,268.429999,179,8,10,8,8,8,8
outside,outside,264.17,264.53000000000003,268.67,180,8,10,8,8,8,8
this,this,264.53,264.69,269.03,180,8,10,8,8,8,8
rumor,rumor,264.69,265.01,269.19,180,8,10,8,8,8,8
I,i,266.099999,266.249999,270.599999,181,8,10,8,8,8,8
myself,myself,266.25,266.66,270.75,181,8,10,8,8,8,8
would,would,266.66,266.8,271.16,181,8,10,8,8,8,8
never,never,266.799999,267.099999,271.299999,181,8,10,8,8,8,8
say,say,267.099999,267.299999,271.599999,182,8,10,8,8,8,8
that,that,267.299999,267.52999900000003,271.799999,182,8,10,8,8,8,8
But,but,268.51,268.67,273.01,183,8,10,8,8,8,8
the,the,268.67,268.75,273.17,183,8,10,8,8,8,8
fact,fact,268.75,269.09,273.25,183,8,10,8,8,8,8
was,was,269.09,269.54,273.59,183,8,10,8,8,8,8
Sheila,sheila,269.6,269.96000000000004,274.1,183,8,10,8,8,8,8
had,had,270.0,270.18,274.5,184,8,10,8,8,8,8
collaborated,collaborated,270.18,270.84000000000003,274.68,184,8,11,8,8,8,8
with,with,270.84,270.95,275.34,184,8,11,8,8,8,8
the,the,270.95,271.03,275.45,184,8,11,8,8,8,8
Dean,dean,271.03,271.54,275.53,184,8,11,8,8,8,8
to,to,271.82,271.97,276.32,185,8,11,8,8,8,8
ban,ban,271.97,272.48,276.47,185,8,11,8,8,8,8
outdoor,outdoor,272.57,273.09,277.07,185,8,11,8,8,8,8
drinking,drinking,273.09,273.57,277.59,186,8,11,8,8,8,8
on,on,273.58,273.81,278.08,186,8,11,8,8,8,8
campus,campus,273.81,274.46,278.31,186,8,11,8,8,8,8
The,the,274.79,274.96000000000004,279.29,187,8,11,8,8,8,8
infamous,infamous,274.96,275.42,279.46,187,8,11,8,8,8,8
no,no,275.43,275.67,279.93,187,8,11,8,8,8,8
more,more,275.67,276.02000000000004,280.17,187,8,11,8,8,8,8
beer,beer,276.08,276.43,280.58,188,8,11,8,8,8,8
at,at,276.45,276.59,280.95,188,8,11,8,8,8,8
barbecues,barbecues,276.59,277.14,281.09,188,8,11,8,8,8,8
rule,rule,277.14,277.42,281.64,188,8,11,8,8,8,8
That’s,that's,277.49,277.69,281.99,188,8,11,8,8,8,8
right,right,277.69,277.94,282.19,189,8,11,8,8,8,8
boo,boo,277.98,278.17,282.48,189,8,11,8,8,8,8
that,that,278.17,278.40000000000003,282.67,189,8,11,8,8,8,8
rule,rule,278.4,278.79999999999995,282.9,189,8,11,8,8,8,8
Sheila,sheila,281.389999,281.729999,285.889999,191,8,11,8,8,8,8
thought,thought,281.73,281.91,286.23,191,8,11,8,8,8,8
drinking,drinking,281.92,282.26,286.42,191,8,11,8,8,8,8
in,in,282.259999,282.389999,286.759999,192,8,11,8,8,8,8
public,public,282.389999,282.849999,286.889999,192,8,11,8,8,8,8
was,was,283.2,283.38,287.7,192,8,11,8,8,8,8
in,in,283.38,283.54,287.88,192,8,11,8,8,8,8
poor,poor,283.54,283.85,288.04,193,8,11,8,8,8,8
taste,taste,283.849999,284.57999900000004,288.349999,193,8,11,8,8,8,8
I,i,286.4,286.52,290.9,194,8,11,8,8,8,8
think,think,286.52,286.75,291.02,195,8,11,8,8,8,8
you,you,286.75,286.87,291.25,195,8,11,8,8,8,8
know,know,286.879999,287.409999,291.379999,195,8,11,8,8,8,8
what,what,287.43,287.62,291.93,195,8,11,8,8,8,8
happened,happened,287.629999,288.009999,292.129999,195,8,11,8,8,8,8
next,next,288.079999,288.589999,292.579999,196,9,12,9,9,9,9
Pie,pie,290.24,290.46000000000004,294.74,197,9,12,9,9,9,9
Man,man,290.5,290.67,295.0,197,9,12,9,9,9,9
emerged,emerged,290.67,291.38,295.17,197,9,12,9,9,9,9
from,from,292.04,292.23,296.54,198,9,12,9,9,9,9
behind,behind,292.23,292.47,296.73,198,9,12,9,9,9,9
the,the,292.47,292.57000000000005,296.97,198,9,12,9,9,9,9
late,late,292.57,292.87,297.07,199,9,12,9,9,9,9
night,night,292.87,293.14,297.37,199,9,12,9,9,9,9
library,library,293.18,293.64,297.68,199,9,12,9,9,9,9
drop,drop,293.64,293.97,298.14,199,9,12,9,9,9,9
box,box,293.98,294.41,298.48,199,9,12,9,9,9,9
made,made,294.74,294.99,299.24,200,9,12,9,9,9,9
his,his,294.99,295.15000000000003,299.49,200,9,12,9,9,9,9
delivery,delivery,295.15,295.77,299.65,200,9,12,9,9,9,9
and,and,296.0,296.12,300.5,201,9,12,9,9,9,9
fled,fled,296.12,296.38,300.62,201,9,12,9,9,9,9
away,away,296.38,296.79,300.88,201,9,12,9,9,9,9
crying,crying,297.86,298.38,302.36,202,9,12,9,9,9,9
Ego,ego,298.57,298.92,303.07,203,9,12,9,9,9,9
sum,sum,298.92,299.45,303.42,203,9,12,9,9,9,9
non,non,299.73,300.17,304.23,203,9,12,9,9,9,9
an,an,300.179999,300.199999,304.679999,204,9,12,9,9,9,9
bestia,<unk>,300.2,300.49,304.7,204,9,12,9,9,9,9
Or,or,303.679999,303.979999,308.179999,206,9,12,9,9,9,9
at,at,304.25,304.41,308.75,206,9,12,9,9,9,9
least,least,304.41,304.63000000000005,308.91,206,9,12,9,9,9,9
that’s,that's,304.629999,304.849999,309.129999,207,9,12,9,9,9,9
what,what,304.85,304.96000000000004,309.35,207,9,12,9,9,9,9
it,it,304.959999,305.049999,309.459999,207,9,12,9,9,9,9
said,said,305.049999,305.27999900000003,309.549999,207,9,12,9,9,9,9
in,in,305.279999,305.379999,309.779999,207,9,12,9,9,9,9
my,my,305.379999,305.559999,309.879999,207,9,12,9,9,9,9
story,story,305.559999,305.879999,310.059999,207,9,12,9,9,9,9
in,in,305.879999,305.919999,310.379999,207,9,12,9,9,9,9
the,the,305.93,306.02,310.43,207,9,12,9,9,9,9
newspaper,newspaper,306.05,306.51,310.55,208,9,12,9,9,9,9
the,the,306.51,306.6,311.01,208,9,12,9,9,9,9
next,next,306.6,306.81,311.1,208,9,12,9,9,9,9
day,day,306.81,307.14,311.31,208,9,12,9,9,9,9
which,which,308.24,308.53000000000003,312.74,209,9,12,9,9,9,9
ran,ran,308.53,308.80999999999995,313.03,209,9,12,9,9,9,9
with,with,308.81,308.95,313.31,209,9,12,9,9,9,9
a,a,308.95,309.01,313.45,209,9,12,9,9,9,9
photo,photo,309.01,309.72,313.51,210,9,12,9,9,9,9
of,of,309.9,310.09,314.4,210,9,12,9,9,9,9
him,him,310.09,310.45,314.59,210,9,12,9,9,9,9
leaving,leaving,310.99,311.40000000000003,315.49,211,9,12,9,9,9,9
the,the,311.4,311.48999999999995,315.9,211,9,12,9,9,9,9
scene,scene,311.49,311.93,315.99,211,9,12,9,9,9,9
cape,cape,311.99,312.40000000000003,316.49,211,9,12,9,9,9,9
flowing,flowing,312.4,312.85,316.9,212,9,12,9,9,9,9
behind,behind,312.85,313.27000000000004,317.35,212,9,12,9,9,9,9
him,him,313.27,313.6,317.77,212,9,12,9,9,9,9
doing,doing,313.8,314.1,318.3,213,9,12,9,9,9,9
this,this,314.099999,314.419999,318.599999,213,9,12,9,9,9,9
And,and,317.45,317.65,321.95,215,9,12,9,9,9,9
that’s,that's,317.67,318.26,322.17,215,9,12,9,9,9,9
what,what,318.32,318.52,322.82,216,9,12,9,9,9,9
made,made,318.52,318.75,323.02,216,9,12,9,9,9,9
him,him,318.75,318.89,323.25,216,9,12,9,9,9,9
a,a,318.889999,318.949999,323.389999,216,9,12,9,9,9,9
sensation,sensation,318.95,319.87,323.45,216,9,12,9,9,9,9
on,on,319.969999,320.159999,324.469999,217,9,12,9,9,9,9
campus,campus,320.16,320.68,324.66,217,9,12,9,9,9,9
People,people,321.089999,321.329999,325.589999,218,9,12,9,9,9,9
started,started,321.33,321.6,325.83,218,9,12,9,9,9,9
dressing,dressing,321.61,322.11,326.11,218,9,12,9,9,9,9
like,like,322.109999,322.309999,326.609999,218,9,12,9,9,9,9
him,him,322.309999,322.629999,326.809999,218,9,12,9,9,9,9
and,and,323.1,323.19,327.6,219,9,12,9,9,9,9
quoting,quoting,323.190001,323.650001,327.690001,219,9,12,9,9,9,9
him,him,323.65,323.79,328.15,219,9,12,9,9,9,9
in,in,323.789999,323.939999,328.289999,219,9,12,9,9,9,9
class,class,323.940001,324.400001,328.440001,219,9,12,9,9,9,9
The,the,324.9,325.03,329.4,220,9,12,9,9,9,9
Ram,ram,325.03,325.39,329.53,220,9,12,9,9,9,9
ran,ran,325.39,325.61,329.89,220,9,12,9,9,9,9
five,five,325.61,326.01,330.11,221,9,12,9,9,9,9
major,major,326.01,326.27,330.51,221,9,12,9,9,9,9
stories,stories,326.27,326.65,330.77,221,9,12,9,9,9,9
about,about,326.65,326.87,331.15,221,9,12,9,9,9,9
Pie,pie,326.87,327.1,331.37,221,9,12,9,9,9,9
Man,man,327.1,327.37,331.6,222,9,12,9,9,9,9
all,all,327.56,327.8,332.06,222,9,12,9,9,9,9
of,of,327.8,327.93,332.3,222,9,12,9,9,9,9
them,them,327.93,328.05,332.43,222,9,12,9,9,9,9
by,by,328.05,328.25,332.55,222,9,12,9,9,9,9
me,me,328.27,328.65,332.77,222,9,12,9,9,9,9
And,and,329.91,330.08000000000004,334.41,223,9,12,9,9,9,9
toward,toward,330.08,330.28,334.58,224,9,12,9,9,9,9
the,the,330.28,330.34,334.78,224,9,12,9,9,9,9
end,end,330.34,330.47,334.84,224,9,12,9,9,9,9
of,of,330.47,330.56,334.97,224,9,12,9,9,9,9
this,this,330.56,330.76,335.06,224,9,12,9,9,9,9
run,run,330.76,330.95,335.26,224,9,12,9,9,9,9
I,i,330.95,331.02,335.45,224,10,13,10,10,10,10
was,was,331.02,331.15,335.52,224,10,13,10,10,10,10
out,out,331.15,331.26,335.65,224,10,13,10,10,10,10
at,at,331.26,331.36,335.76,224,10,13,10,10,10,10
a,a,331.36,331.41,335.86,224,10,13,10,10,10,10
bar,bar,331.41,331.72,335.91,224,10,13,10,10,10,10
one,one,331.72,331.93,336.22,225,10,13,10,10,10,10
night,night,331.93,332.2,336.43,225,10,13,10,10,10,10
and,and,332.24,332.38,336.74,225,10,13,10,10,10,10
I,i,332.38,332.46,336.88,225,10,13,10,10,10,10
saw,saw,332.47,332.83000000000004,336.97,225,10,13,10,10,10,10
I,i,333.559999,333.759999,338.059999,226,10,13,10,10,10,10
came,came,333.76,334.09,338.26,226,10,13,10,10,10,10
and,and,334.09,334.2,338.59,226,10,13,10,10,10,10
I,i,334.2,334.28,338.7,226,10,13,10,10,10,10
saw,saw,334.29,334.42,338.79,226,11,14,11,11,11,11
in,in,334.42,334.47,338.92,226,11,14,11,11,11,11
the,the,334.48,334.59000000000003,338.98,226,11,14,11,11,11,11
corner,corner,334.59,335.29,339.09,227,11,14,11,11,11,11
Angela,angela,336.53,337.05999999999995,341.03,228,11,14,11,11,11,11
from,from,337.08,337.29,341.58,228,11,14,11,11,11,11
my,my,337.29,337.41,341.79,228,11,14,11,11,11,11
Brit,brit,337.41,337.66,341.91,228,11,14,11,11,11,11
Lit,lit,337.66,337.83000000000004,342.16,229,11,14,11,11,11,11
class,class,337.87,338.47,342.37,229,11,14,11,11,11,11
drinking,drinking,338.74,339.08,343.24,229,11,14,11,11,11,11
with,with,339.08,339.21,343.58,230,11,14,11,11,11,11
some,some,339.21,339.37,343.71,230,11,14,11,11,11,11
friends,friends,339.37,339.81,343.87,230,11,14,11,11,11,11
And,and,340.23,340.37,344.73,230,11,14,11,11,11,11
now,now,340.369999,340.479999,344.869999,230,11,14,11,11,11,11
Angela,angela,340.48,340.84000000000003,344.98,230,11,14,11,11,11,11
and,and,340.84,340.94,345.34,231,11,14,11,11,11,11
I,i,340.940001,341.050001,345.440001,231,11,14,11,11,11,11
had,had,341.059999,341.229999,345.559999,231,11,14,11,11,11,11
been,been,341.23,341.5,345.73,231,11,14,11,11,11,11
flirting,flirting,341.59,342.1,346.09,231,12,15,12,12,12,12
for,for,342.1,342.24,346.6,232,12,15,12,12,12,12
two,two,342.24,342.44,346.74,232,12,15,12,12,12,12
months,months,342.440001,342.890001,346.940001,232,12,15,12,12,12,12
Or,or,343.87,344.18,348.37,233,12,15,12,12,12,12
I,i,344.86,345.02000000000004,349.36,233,12,15,12,12,12,12
had,had,345.02,345.18,349.52,234,12,15,12,12,12,12
been,been,345.18,345.37,349.68,234,12,15,12,12,12,12
flirting,flirting,345.39,345.8,349.89,234,12,15,12,12,12,12
with,with,345.8,345.94,350.3,234,12,15,12,12,12,12
her,her,345.94,346.35,350.44,234,12,15,12,12,12,12
and,and,347.69,347.92,352.19,235,12,15,12,12,12,12
with,with,347.92,348.08000000000004,352.42,235,12,15,12,12,12,12
such,such,348.09,348.46,352.59,236,12,15,12,12,12,12
nuance,nuance,348.58,349.32,353.08,236,12,15,12,12,12,12
that,that,349.34,349.54,353.84,236,12,15,12,12,12,12
there,there,349.65,349.81,354.15,237,12,15,12,12,12,12
was,was,349.81,349.95,354.31,237,12,15,12,12,12,12
a,a,349.95,350.02,354.45,237,12,15,12,12,12,12
question,question,350.02,350.43,354.52,237,12,15,12,12,12,12
about,about,350.429999,350.629999,354.929999,237,12,15,12,12,12,12
whether,whether,350.63,350.87,355.13,237,12,15,12,12,12,12
she,she,350.87,351.05,355.37,237,12,15,12,12,12,12
knew,knew,351.05,351.3,355.55,238,12,15,12,12,12,12
I,i,351.3,351.46000000000004,355.8,238,12,15,12,12,12,12
existed,existed,351.469999,351.98999899999995,355.969999,238,12,15,12,12,12,12
So,so,354.41,354.6,358.91,240,12,15,12,12,12,12
I,i,354.599999,354.75999900000005,359.099999,240,12,15,12,12,12,12
I,i,354.86,355.0,359.36,240,12,15,12,12,12,12
saw,saw,355.0,355.22,359.5,240,12,15,12,12,12,12
her,her,355.219999,355.399999,359.719999,240,12,15,12,12,12,12
there,there,355.4,355.54,359.9,240,12,15,12,12,12,12
and,and,355.54,355.68,360.04,241,12,15,12,12,12,12
made,made,355.679999,355.809999,360.179999,241,13,16,13,13,13,13
a,a,355.809999,355.859999,360.309999,241,13,16,13,13,13,13
mental,mental,355.86,356.15000000000003,360.36,241,13,16,13,13,13,13
note,note,356.15,356.38,360.65,241,13,16,13,13,13,13
to,to,356.389999,356.519999,360.889999,241,13,16,13,13,13,13
do,do,356.52,356.71,361.02,241,13,16,13,13,13,13
nothing,nothing,356.71,357.0,361.21,241,13,16,13,13,13,13
about,about,357.0,357.27,361.5,242,13,16,13,13,13,13
it,it,357.27,357.44,361.77,242,13,16,13,13,13,13
And,and,358.9,359.04999999999995,363.4,243,13,16,13,13,13,13
then,then,359.049999,359.159999,363.549999,243,13,16,13,13,13,13
I,i,359.16,359.21000000000004,363.66,243,13,16,13,13,13,13
went,went,359.209999,359.389999,363.709999,243,13,16,13,13,13,13
to,to,359.389999,359.469999,363.889999,243,13,16,13,13,13,13
the,the,359.46999900000003,359.56999900000005,363.96999900000003,243,13,16,13,13,13,13
bar,bar,359.57,360.15,364.07,243,13,16,13,13,13,13
to,to,361.24,361.33,365.74,244,14,17,14,14,14,14
buy,buy,361.33,361.51,365.83,244,14,17,14,14,14,14
a,a,361.51,361.57,366.01,245,14,17,14,14,14,14
round,round,361.57,361.96,366.07,245,14,17,14,14,14,14
and,and,362.5,362.74,367.0,245,14,17,14,14,14,14
I,i,362.74,362.8,367.24,245,14,17,14,14,14,14
felt,felt,362.8,363.03,367.3,245,14,17,14,14,14,14
a,a,363.03,363.09,367.53,246,14,17,14,14,14,14
tap,tap,363.09,363.42,367.59,246,14,17,14,14,14,14
on,on,363.42,363.51,367.92,246,14,17,14,14,14,14
my,my,363.51,363.61,368.01,246,14,17,14,14,14,14
shoulder,shoulder,363.61,364.07,368.11,246,15,18,15,15,15,15
And,and,365.43,365.58,369.93,247,15,18,15,15,15,15
it,it,365.58,365.64,370.08,247,15,18,15,15,15,15
was,was,365.64,365.77,370.14,247,15,18,15,15,15,15
her,her,365.77,366.15,370.27,247,15,18,15,15,15,15
And,and,367.41,367.54,371.91,248,15,18,15,15,15,15
she,she,367.54,367.7000000000001,372.04,249,15,18,15,15,15,15
said,said,367.7,367.97,372.2,249,15,18,15,15,15,15
Jim,jim,369.349999,369.6399990000001,373.849999,250,16,19,16,16,16,16
we,we,369.639999,369.789999,374.139999,250,16,19,16,16,16,16
were,were,369.79,369.91,374.29,250,16,19,16,16,16,16
just,just,369.91,370.13000000000005,374.41,250,16,19,16,16,16,16
talking,talking,370.13,370.43,374.63,250,17,20,17,17,17,17
about,about,370.429999,370.629999,374.929999,250,17,20,17,17,17,17
how,how,370.63,370.8,375.13,251,17,20,17,17,17,17
you,you,370.8,371.15,375.3,251,17,20,17,17,17,17
always,always,371.17,371.82,375.67,251,17,20,17,17,17,17
seem,seem,371.83,372.14,376.33,251,17,20,17,17,17,17
to,to,372.139999,372.269999,376.639999,252,17,20,17,17,17,17
know,know,372.27,372.98,376.77,252,17,20,17,17,17,17
when,when,373.009999,373.749999,377.509999,252,17,20,17,17,17,17
and,and,373.98,374.22,378.48,253,17,20,17,17,17,17
where,where,374.219999,374.699999,378.719999,253,17,20,17,17,17,17
Pie,pie,374.71,375.04,379.21,253,17,20,17,17,17,17
Man,man,375.04,375.29,379.54,254,17,20,17,17,17,17
will,will,375.29,375.41,379.79,254,17,20,17,17,17,17
strike,strike,375.41,376.03,379.91,254,17,20,17,17,17,17
And,and,376.969999,377.2599990000001,381.469999,255,17,20,17,17,17,17
we,we,377.32,377.6,381.82,255,17,20,17,17,17,17
were,were,377.6,377.77,382.1,255,17,20,17,17,17,17
wondering,wondering,377.77,378.36,382.27,255,17,20,17,17,17,17
are,are,379.42,379.58,383.92,256,17,20,17,17,17,17
you,you,379.68,380.15,384.18,257,17,20,17,17,17,17
Pie,pie,380.35,380.66,384.85,257,17,20,17,17,17,17
Man,man,380.66,381.04,385.16,257,17,20,17,17,17,17
And,and,381.84,381.88,386.34,258,17,20,17,17,17,17
I,i,383.83,384.04,388.33,259,17,20,17,17,17,17
knew,knew,384.04,384.48,388.54,260,17,20,17,17,17,17
by,by,384.49,384.63,388.99,260,17,20,17,17,17,17
the,the,384.63,384.75,389.13,260,17,20,17,17,17,17
way,way,384.75,384.89,389.25,260,17,20,17,17,17,17
she,she,384.89,385.09,389.39,260,17,20,17,17,17,17
said,said,385.1,385.33,389.6,260,18,21,18,18,18,18
it,it,385.33,385.43,389.83,260,18,21,18,18,18,18
I,i,385.45,385.6,389.95,260,18,21,18,18,18,18
knew,knew,385.6,386.11,390.1,261,18,21,18,18,18,18
that,that,386.95,387.07,391.45,261,18,21,18,18,18,18
if,if,387.07,387.2,391.57,262,18,21,18,18,18,18
I,i,387.2,387.32,391.7,262,18,21,18,18,18,18
said,said,387.349999,387.539999,391.849999,262,18,21,18,18,18,18
yes,yes,387.54,387.9,392.04,262,18,21,18,18,18,18
she,she,387.91,388.11,392.41,262,18,21,18,18,18,18
would,would,388.11,388.26,392.61,262,18,21,18,18,18,18
have,have,388.26,388.42,392.76,262,18,21,18,18,18,18
sex,sex,388.42,388.79,392.92,262,18,21,18,18,18,18
with,with,388.79,388.9500000000001,393.29,263,18,21,18,18,18,18
me,me,388.95,389.18,393.45,263,18,21,18,18,18,18
And,and,392.07,392.19,396.57,265,18,21,18,18,18,18
wasn’t,wasn't,392.91,393.15,397.41,265,18,21,18,18,18,18
I,i,393.15,393.33,397.65,266,18,21,18,18,18,18
really,really,393.38,393.93,397.88,266,18,21,18,18,18,18
Pie,pie,393.94,394.25,398.44,266,18,21,18,18,18,18
Man,man,394.37,394.81,398.87,266,18,21,18,18,18,18
For,for,398.76,398.99,403.26,269,18,21,18,18,18,18
having,having,399.0,399.35,403.5,270,18,21,18,18,18,18
him,him,399.75,399.91,404.25,270,18,21,18,18,18,18
into,into,399.91,400.19,404.41,270,18,21,18,18,18,18
being,being,400.2,400.82,404.7,270,18,21,18,18,18,18
Didn’t,didn't,401.02,401.25,405.52,271,18,21,18,18,18,18
she,she,401.26,401.46,405.76,271,18,21,18,18,18,18
only,only,401.46,401.73,405.96,271,18,21,18,18,18,18
know,know,401.73,402.01,406.23,271,18,21,18,18,18,18
about,about,402.01,402.28,406.51,272,18,21,18,18,18,18
him,him,402.28,402.47,406.78,272,18,21,18,18,18,18
through,through,402.49,402.72,406.99,272,18,21,18,18,18,18
me,me,402.72,403.29,407.22,272,18,21,18,18,18,18
But,but,405.04,405.2600000000001,409.54,274,18,21,18,18,18,18
she,she,405.27,405.47,409.77,274,18,21,18,18,18,18
had,had,405.49,405.56,409.99,274,18,21,18,18,18,18
asked,asked,405.559999,405.789999,410.059999,274,18,21,18,18,18,18
me,me,405.79,405.9,410.29,274,18,21,18,18,18,18
a,a,405.9,405.95,410.4,274,18,21,18,18,18,18
straightforward,straightforward,405.95,406.53,410.45,274,18,21,18,18,18,18
question,question,406.53,407.1,411.03,275,19,22,19,19,19,19
that,that,407.58,407.75,412.08,275,19,22,19,19,19,19
came,came,407.75,407.95,412.25,275,19,22,19,19,19,19
with,with,407.95,408.07,412.45,275,19,22,19,19,19,19
a,a,408.07,408.11,412.57,276,19,22,19,19,19,19
straightforward,straightforward,408.11,408.72,412.61,276,19,22,19,19,19,19
answer,answer,408.719999,409.019999,413.219999,276,19,22,19,19,19,19
In,in,409.02,409.15,413.52,276,19,22,19,19,19,19
fact,fact,409.15,409.65,413.65,276,19,22,19,19,19,19
I,i,410.13,410.3,414.63,277,19,22,19,19,19,19
wasn’t,wasn't,410.309999,410.769999,414.809999,277,19,22,19,19,19,19
Pie,pie,410.77,411.03,415.27,277,19,22,19,19,19,19
Man,man,411.03,411.49,415.53,278,19,22,19,19,19,19
As,as,411.57,411.74,416.07,278,19,22,19,19,19,19
far,far,411.74,411.93,416.24,278,19,22,19,19,19,19
as,as,411.929999,412.019999,416.429999,278,19,22,19,19,19,19
I,i,412.02,412.08,416.52,278,19,22,19,19,19,19
knew,knew,412.08,412.25,416.58,278,19,22,19,19,19,19
I,i,412.25,412.26,416.75,278,19,22,19,19,19,19
had,had,412.279999,412.469999,416.779999,278,19,22,19,19,19,19
never,never,412.469999,412.869999,416.969999,278,19,22,19,19,19,19
seen,seen,413.119999,413.509999,417.619999,279,19,22,19,19,19,19
the,the,413.51,413.61,418.01,279,19,22,19,19,19,19
guy,guy,413.609999,414.099999,418.109999,279,19,22,19,19,19,19
out,out,414.199999,414.389999,418.699999,280,19,22,19,19,19,19
of,of,414.389999,414.529999,418.889999,280,19,22,19,19,19,19
costume,costume,414.53,415.15,419.03,280,19,22,19,19,19,19
So,so,416.11,416.37,420.61,281,19,22,19,19,19,19
I,i,416.37,416.47,420.87,281,19,22,19,19,19,19
looked,looked,416.47,416.68,420.97,281,19,22,19,19,19,19
at,at,416.68,416.75,421.18,281,19,22,19,19,19,19
her,her,416.75,416.82,421.25,281,19,22,19,19,19,19
and,and,416.82,416.94,421.32,281,19,22,19,19,19,19
I,i,416.94,417.05,421.44,281,19,22,19,19,19,19
said,said,417.06,417.45,421.56,282,20,23,20,20,20,20
Yes,yes,419.7,420.14,424.2,282,20,23,20,20,20,20
Angela,angela,420.14,420.78,424.64,282,20,23,20,20,20,20
I,i,421.55,421.75,426.05,282,20,23,20,20,20,20
am,am,421.75,421.99,426.25,282,20,23,20,20,20,20
Pie,pie,422.0,422.26,426.5,282,21,24,21,21,21,21
Man,man,422.28,422.63,426.78,282,21,24,21,21,21,21
And,and,424.929999,425.049999,429.429999,282,21,24,21,21,21,21
she,she,425.05,425.2,429.55,282,21,24,21,21,21,21
said,said,425.21,425.43,429.71,282,21,24,21,21,21,21
Oh,oh,425.429999,425.549999,429.929999,282,21,24,21,21,21,21
good,good,425.55,425.88,430.05,282,21,24,21,21,21,21
Now,now,426.84,426.96,431.34,282,21,24,21,21,21,21
buy,buy,426.96,427.27,431.46,282,21,24,21,21,21,21
me,me,427.27,427.38,431.77,282,22,25,22,22,22,22
a,a,427.38,427.43,431.88,282,22,25,22,22,22,22
beer,beer,427.429999,427.919999,431.929999,282,22,25,22,22,22,22
and,and,428.52,428.55,433.02,282,22,25,22,22,22,22
tell,tell,428.61,428.8,433.11,282,22,25,22,22,22,22
me,me,428.799999,428.939999,433.299999,282,22,25,22,22,22,22
all,all,428.94,429.07,433.44,282,22,25,22,22,22,22
about,about,429.07,429.27,433.57,282,22,25,22,22,22,22
it,it,429.46,429.48,433.96,282,22,25,22,22,22,22
